,Russian Federation,Venezuela,Suriname,Guyana,Jamaica,South Africa,Lesotho,Botswana,Zambia,Namibia,Mozambique,Tanzania,Kenya,Uganda,Cyprus,India,Sri Lanka,Bangladesh,Bhutan,Nepal,Pakistan,Thailand,Malaysia,Indonesia,Papua New Guinea,Solomon Islands,New Zealand,Australia,Japan,United Kingdom,Ireland,Angola,Albania,United Arab Emirates,Argentina,Austria,Azerbaijan,Belgium,Benin,Burkina Faso,Bulgaria,Bosnia and Herzegovina,Belarus,Belize,Bolivia,Brazil,Central African Republic,Canada,Switzerland,China,Côte d'Ivoire,Cameroon,Democratic Republic of the Congo,Republic of Congo,Colombia,Costa Rica,Cuba,Czech Republic,Germany,Djibouti,Denmark,Dominican Republic,Algeria,Ecuador,Estonia,Finland,Gabon,Ghana,Guinea,The Gambia,Guinea-Bissau,Equatorial Guinea,Greece,Guatemala,Honduras,Croatia,Haiti,Hungary,Iceland,Israel,Italy,Jordan,Kazakhstan,Kyrgyzstan,Cambodia,Republic of Korea,Lao PDR,Liberia,Lithuania,Luxembourg,Latvia,Morocco,Moldova,Madagascar,Mexico,Macedonia,Mali,Myanmar,Montenegro,Mongolia,Mauritania,Niger,Nigeria,Nicaragua,Norway,Panama,Peru,Philippines,Poland,Paraguay,Palestine,Romania,Rwanda,Western Sahara,Sudan,Senegal,Sierra Leone,El Salvador,Serbia,Slovakia,Slovenia,Sweden,Swaziland,Syria,Chad,Togo,Timor-Leste,Tunisia,Turkey,Taiwan,Ukraine,Uruguay,Vietnam,Chile,Netherlands,Portugal,Spain,France,United States,French Guiana,Cape Verde,Puerto Rico,Canary Islands (Spain)
Russian Federation,100,10,6,7,8,11,11,6,0,0,0,0,15,7,28,26,12,0,8,8,8,13,23,20,0,0,12,11,23,28,25,6,24,21,38,39,21,26,9,10,28,23,46,14,20,13,10,29,20,29,9,9,10,10,17,10,10,16,36,6,23,10,10,18,39,38,9,33,10,14,10,9,25,17,10,24,11,48,32,20,25,19,36,50,15,25,14,13,36,16,33,10,34,5,14,28,10,20,24,42,10,10,15,10,42,14,16,11,25,11,21,34,12,10,25,26,14,11,28,18,35,43,0,15,10,9,0,10,35,15,63,5,18,24,25,15,18,21,22,15,10,16,15
Venezuela,10,100,61,57,45,16,0,8,18,29,40,38,31,31,8,35,44,37,45,50,39,26,33,32,42,34,13,21,17,8,34,26,26,31,48,16,31,23,48,37,20,21,21,52,72,52,30,18,24,38,45,44,29,28,67,89,92,46,17,25,15,96,32,69,21,15,38,42,46,52,57,57,22,68,85,18,50,19,41,12,32,28,21,18,57,30,52,59,13,23,14,32,25,41,62,25,31,52,30,15,31,31,43,89,13,83,71,50,18,78,31,12,18,31,37,29,63,84,25,47,15,13,0,34,31,46,20,21,20,45,17,72,52,46,23,34,48,27,19,72,46,69,68
Suriname,6,61,100,76,65,26,9,19,34,22,37,56,43,47,19,48,60,57,65,71,57,37,48,44,60,52,25,30,27,16,19,20,30,23,18,9,12,27,62,51,14,15,12,48,41,38,43,21,34,32,59,58,41,40,41,51,53,9,7,38,9,59,45,43,8,8,51,40,60,48,40,49,17,35,44,12,48,7,13,7,24,21,12,11,52,21,47,56,7,26,8,45,14,54,36,19,44,46,20,9,44,44,49,51,7,47,40,47,7,35,24,7,10,44,28,40,60,38,17,15,8,8,0,26,44,60,11,33,12,39,10,33,47,18,26,19,27,23,16,70,35,53,65
Guyana,7,57,76,100,83,34,21,34,55,39,41,76,55,62,34,61,76,75,68,75,78,39,62,48,77,68,38,39,32,26,15,12,23,28,14,11,14,8,41,25,16,17,14,63,36,35,20,16,16,35,39,48,19,19,38,45,46,10,8,11,10,55,24,39,10,10,39,51,38,63,33,29,20,29,36,14,50,9,8,8,14,25,14,12,53,24,48,59,9,10,9,24,17,32,31,22,21,50,24,10,21,21,52,45,9,42,35,50,8,29,28,8,24,21,33,23,77,28,20,9,10,9,15,30,21,49,0,10,14,38,11,29,48,14,8,15,16,9,17,78,31,57,68
Jamaica,8,45,65,83,100,38,24,37,52,43,38,72,55,76,37,62,77,73,67,73,90,38,62,48,77,67,45,39,30,28,17,13,26,30,8,12,15,9,40,33,18,19,15,77,26,28,22,18,17,35,38,45,21,21,30,44,45,11,9,12,11,44,26,31,11,11,35,51,36,62,31,25,22,36,45,16,49,9,9,9,16,27,15,14,50,27,45,58,10,11,10,26,18,30,31,24,23,43,26,11,23,23,52,44,10,41,26,49,9,17,31,9,27,23,37,20,77,37,22,10,11,10,17,33,23,49,0,11,15,50,12,11,45,8,8,17,21,10,16,57,23,45,67
South Africa,11,16,26,34,38,100,60,56,42,24,24,45,39,43,35,45,33,36,24,26,42,19,31,41,48,42,43,56,33,23,21,7,25,21,24,15,2,10,17,6,24,18,2,35,29,27,0,10,15,29,24,17,6,12,26,25,22,2,16,0,0,22,18,27,6,6,17,38,12,31,15,6,25,15,22,12,17,23,15,29,21,38,17,0,14,20,13,29,5,3,7,18,10,23,21,31,0,17,20,6,0,0,30,25,5,38,22,17,1,24,26,13,23,0,10,11,31,21,13,7,23,11,57,38,0,22,0,12,25,19,17,21,13,35,7,21,24,17,21,18,10,16,24
Lesotho,11,0,9,21,24,60,100,61,37,31,23,34,26,32,26,29,18,26,12,13,35,14,26,41,33,35,36,33,21,23,23,9,5,27,17,4,0,3,4,0,4,4,0,22,19,15,0,6,3,10,7,7,7,7,11,8,8,0,15,0,0,8,7,17,0,0,14,29,0,11,0,0,8,6,8,4,0,17,6,30,6,29,11,0,0,13,0,0,0,0,0,7,0,11,11,13,0,6,6,16,0,0,11,8,0,29,12,0,0,16,22,13,19,0,0,14,11,9,5,7,11,7,59,12,0,10,0,15,16,0,9,15,0,32,0,12,10,9,9,0,8,0,0
Botswana,6,8,19,34,37,56,61,100,64,43,32,47,27,56,45,31,29,40,25,27,36,14,36,28,46,49,28,35,15,18,12,19,0,45,12,0,0,6,7,8,9,9,0,23,20,10,8,7,0,5,14,15,16,23,17,8,8,0,13,9,8,8,4,12,0,0,22,30,8,34,15,7,0,7,8,8,9,7,6,13,0,20,11,0,12,0,11,21,7,0,7,4,13,15,6,18,8,13,0,8,8,8,23,8,0,23,13,9,7,8,11,13,40,8,27,12,23,0,0,7,16,7,62,12,8,14,0,8,14,0,9,8,11,22,6,0,0,0,0,12,8,8,12
Zambia,0,18,34,55,52,42,37,64,100,60,53,79,46,83,39,41,47,67,44,48,51,30,45,40,73,78,40,37,13,17,9,34,0,16,8,0,0,0,18,11,0,0,0,32,23,22,15,9,0,14,27,29,28,35,22,17,18,0,0,13,0,17,5,21,0,0,37,43,19,56,30,15,0,12,12,0,19,0,0,0,0,0,0,0,35,0,28,38,0,0,0,5,0,29,14,0,12,27,0,0,12,12,44,17,0,16,25,22,0,18,0,0,60,12,38,14,40,0,0,0,0,0,52,17,12,28,0,0,0,0,0,17,32,8,0,0,0,0,2,26,18,18,26
Namibia,0,29,22,39,43,24,31,43,60,100,65,55,32,53,21,27,34,47,29,32,42,17,32,25,53,58,33,27,9,21,22,22,0,13,20,0,0,0,9,9,0,0,0,27,30,30,10,8,0,6,8,17,18,18,26,28,29,19,0,11,0,28,5,27,0,0,26,18,9,27,36,26,0,24,29,0,11,0,15,0,3,0,0,0,14,0,13,12,0,0,0,5,0,17,20,0,10,15,0,0,10,10,18,28,0,27,30,21,8,30,0,0,35,10,16,7,27,21,0,26,0,0,29,0,10,17,25,0,0,0,0,27,13,20,0,22,12,9,0,14,29,10,14
Mozambique,0,40,37,41,38,24,23,32,53,65,100,57,34,46,16,32,37,53,38,41,34,25,36,31,55,59,27,28,10,21,21,71,8,10,20,0,0,11,37,32,0,0,0,25,37,58,31,23,17,13,35,42,37,35,33,39,40,14,0,32,0,39,24,33,7,0,47,26,38,35,79,46,0,28,33,0,36,0,17,0,15,0,0,0,32,0,27,23,0,15,0,24,0,44,28,0,29,25,0,0,29,29,27,39,0,36,38,22,6,37,0,0,28,29,12,28,35,28,0,25,0,0,21,0,29,42,74,20,5,5,0,34,29,19,5,48,23,23,4,24,73,18,27
Tanzania,0,38,56,76,72,45,34,47,79,55,57,100,60,69,24,57,68,79,56,61,67,37,53,55,96,88,52,49,24,19,8,31,12,15,15,0,0,0,36,16,6,6,0,52,38,33,13,9,8,27,34,43,25,23,34,37,38,0,0,12,0,37,15,34,0,0,41,49,32,52,28,21,10,24,27,5,41,0,0,0,8,13,0,0,48,9,40,49,0,0,0,15,0,46,28,12,11,37,8,0,11,11,50,37,0,34,39,44,0,33,15,0,42,11,18,19,67,18,7,0,0,0,32,16,11,45,0,0,7,24,0,30,44,15,0,8,10,3,10,51,22,38,56
Kenya,15,31,43,55,55,39,26,27,46,32,34,60,100,53,27,47,50,51,46,51,59,51,48,52,60,55,39,43,42,29,14,18,18,21,27,13,8,12,32,18,20,14,8,51,40,46,14,27,14,44,33,32,20,19,45,36,38,6,12,7,6,36,20,41,6,24,31,54,27,43,25,19,30,47,31,17,34,13,7,19,24,30,17,8,42,25,36,40,5,6,6,20,10,32,48,24,13,38,19,22,13,13,46,36,24,34,52,35,10,21,17,15,47,13,30,19,51,27,25,5,9,11,28,28,13,37,0,12,30,37,7,29,38,19,5,14,17,14,30,41,25,31,46
Uganda,7,31,47,62,76,43,32,56,83,53,46,69,53,100,45,50,59,66,61,66,67,39,56,48,70,76,41,36,18,22,15,29,12,28,7,11,14,8,30,30,11,11,14,56,24,28,23,16,8,28,37,34,34,40,29,30,31,10,8,11,10,30,14,29,10,10,41,51,31,70,40,22,10,27,31,9,34,9,8,8,7,12,14,12,53,16,45,53,9,10,9,14,17,30,23,11,21,39,16,10,21,21,52,30,9,28,26,36,8,18,14,8,52,21,50,20,56,22,14,9,10,9,45,30,21,38,0,10,7,30,11,10,48,7,8,8,13,6,11,37,21,31,45
Cyprus,28,8,19,34,37,35,26,45,39,21,16,24,27,45,100,31,29,27,25,27,36,21,45,21,23,25,19,29,30,36,31,0,28,22,12,27,11,19,7,8,44,37,34,23,13,10,8,20,13,10,14,15,8,15,11,8,8,25,44,0,33,8,15,12,23,32,15,38,8,34,15,7,40,13,8,38,9,35,19,25,29,30,34,10,12,13,11,21,28,25,37,15,40,0,11,45,8,13,39,25,8,8,23,8,21,15,6,9,34,0,23,34,30,8,27,17,23,9,22,29,55,36,25,37,8,14,0,16,33,12,36,0,11,17,25,25,21,20,18,12,8,8,12
India,26,35,48,61,62,45,29,31,41,27,32,57,47,50,31,100,64,57,52,57,66,45,61,62,58,52,36,44,41,28,21,12,28,33,17,22,9,19,36,20,26,20,12,58,29,28,16,22,19,47,37,36,16,15,34,41,42,7,20,8,7,41,23,29,20,13,28,60,31,48,28,21,27,30,35,13,38,24,16,21,22,34,29,17,47,39,40,45,18,7,19,23,23,30,30,27,14,45,22,14,14,14,52,41,12,44,28,40,6,23,19,20,19,14,23,36,58,31,23,12,23,18,21,31,14,41,0,13,26,31,34,20,42,19,11,21,24,16,19,46,28,42,52
Sri Lanka,12,44,60,76,77,33,18,29,47,34,37,68,50,59,29,64,100,71,77,71,70,45,67,44,72,65,35,36,27,22,13,10,20,23,6,9,12,13,39,25,14,15,12,60,34,27,17,14,13,32,37,43,16,16,29,42,44,9,7,10,9,42,20,30,16,8,35,55,36,60,32,27,17,28,35,12,48,7,7,13,12,21,12,21,52,21,47,56,15,9,16,20,14,31,36,19,18,46,20,9,18,18,65,42,7,40,27,47,7,27,36,7,21,18,28,21,72,29,17,8,8,8,13,26,18,45,0,8,12,39,19,16,47,12,7,13,16,8,16,57,26,53,65
Bangladesh,0,37,57,75,73,36,26,40,67,47,53,79,51,66,27,57,71,100,73,80,63,42,67,42,85,91,35,43,17,18,9,14,0,17,0,0,0,0,33,24,0,0,0,51,29,23,12,10,0,23,31,39,12,11,25,36,37,0,0,13,0,36,6,26,0,0,39,45,34,68,34,27,0,20,25,0,40,0,0,0,0,0,0,0,55,0,50,47,0,0,0,6,0,33,25,0,12,47,0,0,12,12,46,36,0,34,28,40,0,13,0,0,29,12,20,22,68,13,0,0,0,0,18,0,12,43,0,0,0,18,0,12,50,0,0,0,8,0,9,45,25,37,55
Bhutan,8,45,65,68,67,24,12,25,44,29,38,56,46,61,25,52,77,73,100,91,57,48,62,48,62,67,19,31,25,16,17,13,13,30,0,12,15,9,40,33,12,13,15,46,35,28,22,9,9,35,38,35,21,21,30,44,45,11,9,12,11,44,16,31,11,11,35,41,41,62,42,34,11,27,34,10,49,9,9,17,8,14,15,14,67,18,61,58,10,11,10,16,18,30,38,12,23,60,17,11,23,23,52,44,10,41,26,49,9,11,31,9,13,23,37,28,62,25,15,10,11,10,0,17,23,39,0,11,7,33,12,11,61,0,8,8,14,7,16,57,34,45,67
Nepal,8,50,71,75,73,26,13,27,48,32,41,61,51,66,27,57,71,80,91,100,63,53,67,52,68,73,21,34,28,18,18,14,14,33,0,13,17,9,44,36,13,14,17,51,29,30,25,10,9,38,42,39,23,23,33,48,50,12,9,13,12,48,17,34,12,12,39,45,45,68,46,38,12,30,37,11,54,10,10,9,9,15,17,15,73,20,66,63,11,12,11,17,20,33,34,13,25,65,19,12,25,25,46,48,10,45,28,53,10,13,17,10,15,25,40,30,68,27,16,11,12,11,0,18,25,43,0,12,8,37,13,12,66,0,9,9,15,7,18,63,37,50,73
Pakistan,8,39,57,78,90,42,35,36,51,42,34,67,59,67,36,66,70,63,57,63,100,42,54,51,68,57,53,42,40,28,16,13,31,37,8,18,15,13,39,27,24,25,15,83,22,31,22,17,21,44,42,42,21,20,33,48,50,11,13,12,11,48,36,35,10,11,32,55,30,53,26,22,32,40,50,20,42,14,9,17,23,40,15,13,41,44,37,49,9,11,10,36,18,30,34,30,22,46,34,11,22,22,51,48,9,45,30,42,9,14,30,9,26,22,36,21,68,42,29,10,16,10,33,49,22,48,0,21,22,41,12,21,37,15,8,24,24,16,22,52,33,39,57
Thailand,13,26,37,39,38,19,14,14,30,17,25,37,51,39,21,45,45,42,48,53,42,100,57,39,36,38,18,32,50,19,10,15,11,22,9,10,9,12,29,19,10,11,9,36,25,36,16,20,7,32,30,23,18,15,33,31,33,6,12,7,6,31,15,32,12,19,20,47,27,36,27,20,19,45,26,9,28,8,5,15,14,16,18,16,48,21,39,33,11,7,12,15,11,23,42,18,13,39,15,13,13,13,39,31,17,29,32,32,10,17,9,5,27,13,21,21,36,21,13,6,9,6,10,19,13,28,0,12,17,29,14,18,44,17,10,10,12,8,28,33,26,33,38
Malaysia,23,33,48,62,62,31,26,36,45,32,36,53,48,56,45,61,67,67,62,67,54,57,100,42,57,62,24,52,34,30,18,10,9,34,12,9,11,13,30,24,9,9,11,46,33,26,17,20,6,25,28,33,16,15,28,32,33,8,19,9,8,32,12,35,16,16,34,60,31,57,31,25,24,27,25,8,36,14,13,13,17,20,34,20,49,13,45,43,14,8,15,12,13,22,34,9,17,44,13,25,17,17,46,32,14,38,26,36,20,17,11,13,30,17,27,26,57,18,11,15,16,15,12,12,17,36,0,8,17,25,27,8,45,17,13,6,10,5,18,42,25,42,49
Indonesia,20,32,44,48,48,41,41,28,40,25,31,55,52,48,21,62,44,42,48,52,51,39,42,100,53,48,33,36,44,21,19,22,26,30,24,21,9,12,35,19,28,14,9,44,32,34,16,13,20,55,36,29,24,21,48,38,39,6,17,7,6,38,21,38,12,12,26,53,30,35,27,20,25,29,32,18,35,19,17,29,25,39,27,8,48,26,39,41,11,6,12,21,21,35,33,24,13,39,20,29,13,13,45,38,14,41,40,45,5,23,27,21,27,13,21,29,44,28,26,11,22,17,19,29,13,34,0,12,29,38,21,30,43,24,10,19,21,14,17,42,26,32,48
Papua New Guinea,0,42,60,77,77,48,33,46,73,53,55,96,60,70,23,58,72,85,62,68,68,36,57,53,100,93,53,51,23,19,8,24,12,14,14,0,0,0,37,20,6,6,0,57,41,32,10,8,8,26,35,42,20,19,35,40,42,0,0,11,0,40,15,36,0,0,42,47,34,57,29,23,10,25,31,5,46,0,0,0,7,13,0,0,46,8,42,53,0,0,0,15,0,47,28,11,10,39,8,0,10,10,48,40,0,38,40,45,0,32,14,0,37,10,17,18,71,23,7,0,0,0,31,15,10,45,0,0,7,31,0,29,42,14,0,8,13,3,11,53,21,42,62
Solomon Islands,0,34,52,68,67,42,35,49,78,58,59,88,55,76,25,52,65,91,67,73,57,38,62,48,93,100,45,47,15,16,8,26,0,15,8,0,0,0,30,22,0,0,0,46,35,28,11,9,0,21,29,35,21,21,30,33,34,0,0,12,0,33,5,31,0,0,46,41,31,62,31,25,0,18,23,0,37,0,0,0,0,0,0,0,50,0,45,43,0,0,0,5,0,40,23,0,11,43,0,0,11,11,42,33,0,31,35,37,0,23,0,0,40,11,18,20,62,12,0,0,0,0,33,0,11,39,0,0,0,17,0,21,45,8,0,0,7,0,8,41,23,34,50
New Zealand,12,13,25,38,45,43,36,28,40,33,27,52,39,41,19,36,35,35,19,21,53,18,24,33,53,45,100,42,31,34,32,10,15,6,18,9,6,16,15,4,9,10,12,41,17,21,0,20,17,24,18,17,8,8,26,29,22,4,23,0,17,21,16,27,8,8,17,27,8,18,4,2,17,17,30,8,14,7,13,7,15,21,0,10,6,34,6,17,7,17,12,16,0,23,18,14,0,10,13,0,0,0,24,29,15,20,23,14,10,20,12,0,21,0,0,5,30,24,11,4,8,15,38,26,0,22,0,8,11,19,0,24,6,32,13,19,30,18,23,16,9,13,19
Australia,11,21,30,39,39,56,33,35,37,27,28,49,43,36,29,44,36,43,31,34,42,32,52,36,51,47,42,100,29,23,18,12,15,25,18,4,2,16,21,10,11,12,0,36,33,30,5,12,8,21,22,21,10,10,30,28,27,1,16,6,5,26,17,39,0,5,21,38,17,29,15,12,26,21,24,10,23,17,12,16,19,26,22,6,23,17,21,27,0,8,1,17,0,26,30,14,5,24,16,16,5,5,27,28,13,34,28,23,14,21,14,4,25,5,9,26,36,17,7,6,14,9,23,23,5,25,0,15,25,16,12,20,21,40,18,14,18,15,32,27,16,21,31
Japan,23,17,27,32,30,33,21,15,13,9,10,24,42,18,30,41,27,17,25,28,40,50,34,44,23,15,31,29,100,39,28,0,27,23,29,22,14,21,18,7,29,15,9,28,19,27,7,22,24,52,20,15,6,6,39,30,24,10,31,0,10,23,19,31,13,30,9,34,13,14,10,9,33,28,28,19,19,23,16,31,31,41,38,8,15,38,14,22,12,14,15,19,22,12,33,33,7,21,21,28,7,7,25,30,20,28,24,18,14,9,19,22,16,7,11,14,23,22,27,15,26,21,10,30,7,18,0,13,36,41,22,22,18,25,23,25,21,20,28,25,17,17,25
United Kingdom,28,8,16,26,28,23,23,18,17,21,21,19,29,22,36,28,22,18,16,18,28,19,30,21,19,16,34,23,39,100,45,6,22,22,21,20,11,30,17,16,19,14,15,19,15,20,16,30,27,18,16,22,15,15,16,13,8,14,34,12,18,8,18,13,15,28,20,27,16,15,15,14,34,15,14,11,15,25,25,25,23,17,30,7,8,19,15,11,14,33,17,18,27,12,15,21,16,8,19,16,16,16,13,13,34,12,10,9,15,3,11,35,20,16,18,15,19,9,16,21,23,30,8,12,16,21,14,20,24,12,24,3,9,18,26,34,26,34,21,12,16,8,12
Ireland,25,34,19,15,17,21,23,12,9,22,21,8,14,15,31,21,13,9,17,18,16,10,18,19,8,8,32,18,28,45,100,6,25,15,39,33,11,35,10,11,30,13,23,8,35,26,11,22,26,17,10,10,10,10,30,38,34,53,44,6,35,33,10,35,31,39,10,15,10,8,21,24,27,32,39,26,6,45,52,21,31,14,23,7,8,18,8,7,24,34,28,10,27,5,36,18,11,8,17,17,11,11,5,38,34,41,30,6,34,34,8,36,0,11,18,20,8,37,15,56,35,40,0,8,11,10,14,16,22,8,24,26,9,36,39,46,49,35,18,8,17,17,8
Angola,6,26,20,12,13,7,9,19,34,22,71,31,18,29,0,12,10,14,13,14,13,15,10,22,24,26,10,12,0,6,6,100,20,23,18,9,12,20,43,42,9,10,12,24,27,54,48,27,27,21,41,43,57,53,26,25,26,9,7,48,9,25,36,24,16,8,47,24,44,24,69,38,8,25,26,8,38,7,13,7,21,11,12,11,39,14,29,22,7,26,8,36,14,51,21,9,44,26,13,9,44,44,24,25,7,24,30,24,7,31,12,7,36,44,28,34,24,19,12,15,8,8,13,13,44,42,67,33,12,13,10,24,35,18,13,45,19,26,6,25,70,18,26
Albania,24,26,30,23,26,25,5,0,0,0,8,12,18,12,28,28,20,0,13,14,31,11,9,26,12,0,15,15,27,22,25,20,100,26,18,39,23,35,33,25,53,46,35,41,13,29,26,20,48,42,33,31,24,24,26,29,30,34,34,19,34,29,44,21,32,50,23,27,28,24,24,23,54,24,30,46,28,38,33,36,48,47,35,21,26,41,23,33,29,35,39,44,56,25,20,68,26,29,77,17,26,26,34,29,37,27,17,28,21,17,47,35,10,26,28,20,35,33,54,23,51,30,6,57,26,32,11,36,49,38,38,20,23,20,39,61,38,45,25,37,30,26,38
United Arab Emirates,21,31,23,28,30,21,27,45,16,13,10,15,21,28,22,33,23,17,30,33,37,22,34,30,14,15,6,25,23,22,15,23,26,100,14,25,28,18,30,30,25,26,28,49,24,22,31,16,18,38,30,27,29,29,31,35,36,20,25,22,20,35,29,25,19,20,28,42,28,42,29,27,25,29,36,21,34,28,24,43,18,56,42,25,45,41,55,39,18,21,18,29,33,21,24,36,31,50,36,31,31,31,31,35,17,51,20,33,17,10,42,25,24,31,50,31,42,28,31,27,32,27,8,38,31,29,0,34,27,30,34,14,41,31,15,19,16,15,18,45,36,31,45
Argentina,38,48,18,14,8,24,17,12,8,20,20,15,27,7,12,17,6,0,0,0,8,9,12,24,14,8,18,18,29,21,39,18,18,14,100,20,14,16,14,10,31,15,11,14,69,44,11,29,18,29,13,14,15,15,51,41,43,26,22,12,5,46,15,57,15,25,14,24,12,7,20,23,20,47,43,17,12,36,39,20,35,26,29,13,8,13,7,14,14,11,10,15,17,19,50,23,11,12,12,29,11,11,15,41,25,48,59,17,17,59,14,26,25,11,17,15,14,46,24,32,15,18,8,16,11,14,14,10,36,23,23,59,7,55,16,23,34,22,29,23,16,27,16
Austria,39,16,9,11,12,15,4,0,0,0,0,0,13,11,27,22,9,0,12,13,18,10,9,21,0,0,9,4,22,20,33,9,39,25,20,100,36,36,16,16,63,39,60,28,13,14,16,26,42,52,17,15,15,15,27,24,20,43,51,9,41,20,19,23,61,55,15,18,15,22,15,14,51,16,25,39,18,58,38,28,55,25,33,20,24,39,22,21,42,45,46,19,53,9,15,37,16,34,41,25,16,16,17,24,35,18,16,18,34,8,22,46,10,16,26,19,22,22,46,37,58,50,6,30,16,16,0,19,43,24,53,11,22,15,40,42,43,41,23,24,20,16,24
Azerbaijan,21,31,12,14,15,2,0,0,0,0,0,0,8,14,11,9,12,0,15,17,15,9,11,9,0,0,6,2,14,11,11,12,23,28,14,36,100,20,18,20,22,23,41,28,16,21,20,16,28,28,17,18,19,19,24,35,31,23,35,11,20,30,19,25,48,30,18,19,19,28,19,18,20,25,36,19,22,19,24,15,27,25,28,25,30,41,28,26,26,36,21,19,33,9,23,22,21,31,32,21,21,21,19,35,17,28,16,22,19,21,28,17,12,21,33,14,28,34,27,20,22,27,0,30,21,18,0,19,34,30,34,19,28,15,19,19,22,21,18,30,21,21,30
Belgium,26,23,27,8,9,10,3,6,0,0,11,0,12,8,19,19,13,0,9,9,13,12,13,12,0,0,16,16,21,30,35,20,35,18,16,36,20,100,48,51,39,28,23,20,14,22,52,37,55,29,47,47,49,49,25,31,26,32,42,51,36,25,51,22,33,29,47,18,48,16,22,46,37,21,32,28,32,33,36,20,40,18,32,28,17,32,16,15,35,47,39,51,47,43,20,33,53,20,29,12,53,53,23,31,31,24,16,13,30,24,16,38,14,53,19,42,16,29,25,33,37,32,4,22,53,47,15,46,29,17,38,19,18,23,58,41,49,64,23,17,26,23,17
Benin,9,48,62,41,40,17,4,7,18,9,37,36,32,30,7,36,39,33,40,44,39,29,30,35,37,30,15,21,18,17,10,43,33,30,14,16,18,48,100,92,20,21,18,51,32,42,90,43,69,40,97,95,86,84,35,49,51,14,12,82,14,49,88,36,13,13,89,43,98,47,52,86,23,37,44,17,82,13,16,13,35,29,19,16,55,32,48,52,12,48,12,88,22,94,36,24,89,49,29,14,89,89,49,49,12,46,35,46,11,29,28,17,26,89,33,71,56,41,25,18,15,12,5,35,89,97,26,73,16,40,15,29,50,16,26,38,32,52,29,54,51,41,60
Burkina Faso,10,37,51,25,33,6,0,8,11,9,32,16,18,30,8,20,25,24,33,36,27,19,24,19,20,22,4,10,7,16,11,42,25,30,10,16,20,51,92,100,16,16,20,40,23,32,95,46,68,27,88,89,90,89,25,36,37,15,11,89,15,36,86,26,14,14,90,27,95,40,48,87,14,30,37,14,73,12,17,11,31,18,20,18,44,23,40,38,13,52,13,86,24,86,25,16,96,39,23,15,96,96,34,36,13,33,23,32,12,19,20,18,26,96,36,70,40,32,20,19,14,13,0,22,96,89,28,76,10,33,16,14,40,10,28,33,28,52,24,37,44,30,44
Bulgaria,28,20,14,16,18,24,4,9,0,0,0,6,20,11,44,26,14,0,12,13,24,10,9,28,6,0,9,11,29,19,30,9,53,25,31,63,22,39,20,16,100,59,49,33,13,23,16,19,30,52,21,18,15,15,27,24,25,41,48,9,49,24,30,23,46,47,15,22,17,22,15,14,63,20,25,64,22,50,25,40,56,49,33,20,24,35,22,26,49,33,51,30,66,13,22,59,16,34,57,25,16,16,28,24,28,22,19,22,39,12,39,59,19,16,26,19,28,27,59,35,64,43,6,48,16,19,0,27,49,42,44,23,22,16,43,48,46,42,31,29,20,20,30
Bosnia and Herzegovina,23,21,15,17,19,18,4,9,0,0,0,6,14,11,37,20,15,0,13,14,25,11,9,14,6,0,10,12,15,14,13,10,46,26,15,39,23,28,21,16,59,100,40,35,13,16,17,13,25,34,22,19,16,16,17,25,26,25,31,9,34,25,32,18,24,25,15,23,18,23,16,15,41,21,26,67,23,30,20,23,35,41,23,21,25,37,23,27,36,26,38,32,55,13,17,53,17,35,59,17,17,17,22,25,22,23,13,23,41,13,41,35,10,17,28,13,29,28,51,37,51,22,6,50,17,20,0,28,40,31,37,16,34,17,26,31,32,29,26,31,21,21,31
Belarus,46,21,12,14,15,2,0,0,0,0,0,0,8,14,34,12,12,0,15,17,15,9,11,9,0,0,12,0,9,15,23,12,35,28,11,60,41,23,18,20,49,40,100,28,10,13,20,16,24,28,17,18,19,19,14,20,21,41,41,11,51,20,19,14,67,49,18,19,19,28,19,18,40,17,21,38,22,47,24,23,32,25,28,37,30,32,28,26,53,41,46,19,50,9,14,33,21,35,48,21,21,21,19,20,26,19,8,22,41,10,28,37,12,21,33,22,28,22,47,36,39,45,0,30,21,18,0,19,31,30,62,10,28,7,31,30,29,27,17,30,21,21,30
Belize,14,52,48,63,77,35,22,23,32,27,25,52,51,56,23,58,60,51,46,51,83,36,46,44,57,46,41,36,28,19,8,24,41,49,14,28,28,20,51,40,33,35,28,100,33,39,31,25,28,57,53,51,29,29,42,61,63,21,20,23,21,61,44,44,20,20,42,66,43,71,39,32,40,50,63,29,57,22,16,24,29,50,29,25,62,58,56,67,18,21,19,44,34,42,42,39,31,63,48,21,31,31,63,61,18,57,40,56,17,26,43,17,37,31,51,29,86,57,41,18,25,18,31,62,31,59,0,29,28,62,23,29,56,21,16,31,33,21,30,68,42,52,77
Bolivia,20,72,41,36,26,29,19,20,23,30,37,38,40,24,13,29,34,29,35,29,22,25,33,32,41,35,17,33,19,15,35,27,13,24,69,13,16,14,32,23,13,13,10,33,100,59,18,23,16,27,30,29,22,22,62,63,66,30,19,20,6,69,19,68,11,17,29,43,30,33,39,39,17,62,60,8,33,28,34,18,29,22,24,7,35,14,32,38,5,12,5,19,10,37,69,13,18,34,14,21,18,18,33,63,23,70,80,32,14,72,24,17,35,18,29,23,41,59,16,36,11,16,9,18,18,31,15,11,27,26,16,61,32,58,13,22,36,20,32,47,30,48,44
Brazil,13,52,38,35,28,27,15,10,22,30,58,33,46,28,10,28,27,23,28,30,31,36,26,34,32,28,21,30,27,20,26,54,29,22,44,14,21,22,42,32,23,16,13,39,59,100,30,31,29,36,42,38,35,33,55,52,52,20,21,26,9,55,33,56,18,23,36,43,39,32,63,39,23,55,50,15,41,19,22,16,30,26,19,17,42,30,35,36,8,21,10,33,15,42,55,18,28,35,22,17,28,28,39,52,24,51,61,33,16,50,19,21,34,28,30,31,39,46,22,26,12,12,14,28,28,41,48,26,27,38,10,46,38,45,12,54,38,34,35,44,61,33,42
Central African Republic,10,30,43,20,22,0,0,8,15,10,31,13,14,23,8,16,17,12,22,25,22,16,17,16,10,11,0,5,7,16,11,48,26,31,11,16,20,52,90,95,16,17,20,31,18,30,100,48,70,26,85,90,96,93,22,29,30,15,12,91,15,29,88,21,14,15,89,24,92,31,44,86,15,26,30,14,66,13,18,11,32,18,21,18,39,24,33,29,13,53,14,88,25,83,22,16,99,34,23,15,99,99,32,29,13,27,19,27,12,17,21,18,29,99,37,70,31,25,20,20,14,13,0,22,99,87,29,78,10,22,17,14,36,10,28,34,24,53,22,33,46,23,34
Canada,29,18,21,16,18,10,6,7,9,8,23,9,27,16,20,22,14,10,9,10,17,20,20,13,8,9,20,12,22,30,22,27,20,16,29,26,16,37,43,46,19,13,16,25,23,31,48,100,46,29,41,48,45,44,26,17,18,12,23,46,18,17,44,23,17,29,48,22,44,25,28,42,23,29,18,11,33,15,32,14,33,14,33,14,18,28,16,15,15,30,16,44,29,37,26,26,48,18,18,24,48,48,17,17,41,16,25,13,14,12,16,15,29,48,19,34,25,20,16,16,17,21,9,18,48,47,23,39,22,18,20,11,16,26,27,27,28,37,30,17,30,18,18
Switzerland,20,24,34,16,17,15,3,0,0,0,17,8,14,8,13,19,13,0,9,9,21,7,6,20,8,0,17,8,24,27,26,27,48,18,18,42,28,55,69,68,30,25,24,28,16,29,70,46,100,39,67,68,66,65,29,31,26,20,28,64,17,25,73,27,27,34,63,19,67,16,27,61,31,21,32,20,51,23,36,15,55,25,24,14,17,37,16,22,20,59,24,73,38,64,20,33,71,20,34,18,71,71,23,31,30,24,20,19,16,18,24,24,14,71,19,50,24,29,29,23,26,26,4,30,71,67,22,63,27,26,26,19,16,20,35,50,36,57,27,25,32,18,26
China,29,38,32,35,35,29,10,5,14,6,13,27,44,28,10,47,32,23,35,38,44,32,25,55,26,21,24,21,52,18,17,21,42,38,29,52,28,29,40,27,52,34,28,57,27,36,26,29,39,100,42,33,26,24,55,50,47,21,30,15,19,45,32,49,26,27,27,46,34,45,32,26,41,36,47,32,41,33,29,35,47,51,38,23,55,55,47,48,24,23,27,32,45,31,41,40,23,56,40,38,23,23,52,50,32,42,45,43,17,21,32,34,31,23,38,26,51,41,52,18,33,24,14,48,23,38,0,26,40,55,36,35,50,23,25,35,38,31,33,51,38,38,55
Côte d'Ivoire,9,45,59,39,38,24,7,14,27,8,35,34,33,37,14,37,37,31,38,42,42,30,28,36,35,29,18,22,20,16,10,41,33,30,13,17,17,47,97,88,21,22,17,53,30,42,85,41,67,42,100,91,82,85,36,50,52,13,12,78,13,50,87,36,12,12,84,50,94,53,55,82,25,38,45,18,78,14,15,15,36,31,18,16,53,36,46,58,11,45,12,87,21,91,36,24,84,49,30,13,84,84,54,50,11,47,36,44,10,28,27,16,33,84,42,69,53,42,26,17,15,11,19,48,84,94,25,73,17,38,14,30,48,17,24,38,32,51,30,51,52,39,57
Cameroon,9,44,58,48,45,17,7,15,29,17,42,43,32,34,15,36,43,39,35,39,42,23,33,29,42,35,17,21,15,22,10,43,31,27,14,15,18,47,95,89,18,19,18,51,29,38,90,48,68,33,91,100,86,84,31,43,44,14,10,82,14,43,85,31,13,13,93,43,95,51,49,84,20,31,38,16,78,11,16,10,33,25,19,16,50,27,43,48,12,48,12,85,22,89,31,22,89,44,26,14,89,89,50,43,12,40,30,42,11,28,28,17,34,89,33,69,60,33,22,18,13,12,10,30,89,99,26,70,14,35,15,25,46,14,26,35,28,50,26,52,48,38,55
Democratic Republic of the Congo,10,29,41,19,21,6,7,16,28,18,37,25,20,34,8,16,16,12,21,23,21,18,16,24,20,21,8,10,6,15,10,57,24,29,15,15,19,49,86,90,15,16,19,29,22,35,96,45,66,26,82,86,100,96,26,28,29,14,11,86,14,28,83,25,13,14,90,26,89,29,43,81,14,26,29,13,62,12,17,11,30,17,20,17,42,23,34,27,12,50,13,83,23,86,22,15,93,32,22,14,93,93,33,28,12,26,25,27,11,25,20,17,38,93,35,67,29,23,19,19,14,12,11,21,93,83,27,73,9,21,16,20,38,14,27,32,22,50,20,31,43,21,32
Republic of Congo,10,28,40,19,21,12,7,23,35,18,35,23,19,40,15,15,16,11,21,23,20,15,15,21,19,21,8,10,6,15,10,53,24,29,15,15,19,49,84,89,15,16,19,29,22,33,93,44,65,24,85,84,96,100,25,27,28,14,11,85,14,27,82,25,13,14,89,29,86,39,48,80,14,24,28,13,62,12,16,11,29,17,19,17,37,22,31,36,12,50,13,82,23,84,20,15,92,32,22,14,92,92,36,27,12,26,23,25,11,23,19,17,44,92,46,66,29,23,19,18,13,12,21,31,92,81,27,73,9,21,15,20,33,14,27,31,22,50,20,31,43,21,31
Colombia,17,67,41,38,30,26,11,17,22,26,33,34,45,29,11,34,29,25,30,33,33,33,28,48,35,30,26,30,39,16,30,26,26,31,51,27,24,25,35,25,27,17,14,42,62,55,22,26,29,55,36,31,26,25,100,69,67,33,25,17,10,69,26,71,19,20,30,39,32,35,39,38,30,54,67,19,33,21,35,19,41,31,28,12,42,36,36,39,13,21,16,26,25,35,61,25,21,39,24,26,21,21,38,69,22,60,72,40,18,58,21,17,32,21,25,22,42,61,27,33,19,13,15,30,21,34,13,24,29,45,17,62,38,56,23,34,43,28,29,48,36,51,45
Costa Rica,10,89,51,45,44,25,8,8,17,28,39,37,36,30,8,41,42,36,44,48,48,31,32,38,40,33,29,28,30,13,38,25,29,35,41,24,35,31,49,36,24,25,20,61,63,52,29,17,31,50,50,43,28,27,69,100,96,48,25,24,15,93,38,72,21,14,36,47,44,51,55,55,29,71,96,20,48,25,40,17,38,36,20,18,55,52,50,57,13,30,17,38,24,43,68,28,30,56,34,15,30,30,44,100,13,87,68,48,21,67,30,12,18,30,36,31,61,89,29,48,21,13,11,44,30,48,19,28,24,44,16,69,50,47,28,44,55,35,29,59,52,59,65
Cuba,10,92,53,46,45,22,8,8,18,29,40,38,38,31,8,42,44,37,45,50,50,33,33,39,42,34,22,27,24,8,34,26,30,36,43,20,31,26,51,37,25,26,21,63,66,52,30,18,26,47,52,44,29,28,67,96,100,46,20,25,15,96,39,69,21,15,38,49,46,52,57,57,30,74,92,21,50,23,41,17,37,37,21,18,57,42,52,59,13,23,14,39,25,44,68,29,31,58,35,15,31,31,46,96,13,90,71,50,18,70,31,12,18,31,37,32,63,92,30,47,18,13,11,45,31,50,20,29,25,45,17,72,52,46,23,40,53,31,25,61,54,62,68
Czech Republic,16,46,9,10,11,2,0,0,0,19,14,0,6,10,25,7,9,0,11,12,11,6,8,6,0,0,4,1,10,14,53,9,34,20,26,43,23,32,14,15,41,25,41,21,30,20,15,12,20,21,13,14,14,14,33,48,46,100,43,8,53,44,14,34,35,44,14,14,14,21,28,33,37,37,50,49,17,46,41,23,41,18,21,18,22,30,20,19,32,34,43,14,37,7,32,33,15,23,47,15,15,15,14,48,19,41,29,16,44,38,21,37,9,15,25,16,21,50,40,74,45,33,0,22,15,13,10,14,25,22,25,35,20,27,43,48,45,36,14,22,23,30,22
Germany,36,17,7,8,9,16,15,13,0,0,0,0,12,8,44,20,7,0,9,9,13,12,19,17,0,0,23,16,31,34,44,7,34,25,22,51,35,42,12,11,48,31,41,20,19,21,12,23,28,30,12,10,11,11,25,25,20,43,100,6,59,20,13,22,54,62,10,24,11,16,11,10,42,21,26,44,13,50,31,33,44,24,40,21,17,32,16,15,40,47,55,13,47,6,20,45,12,22,38,23,12,12,12,25,31,24,16,13,44,12,16,54,14,12,19,17,16,22,36,43,59,62,4,21,12,11,0,19,46,17,41,14,18,23,49,41,47,52,28,17,15,12,17
Djibouti,6,25,38,11,12,0,0,9,13,11,32,12,7,11,0,8,10,13,12,13,12,7,9,7,11,12,0,6,0,12,6,48,19,22,12,9,11,51,82,89,9,9,11,23,20,26,91,46,64,15,78,82,86,85,17,24,25,8,6,100,8,24,81,17,8,8,82,15,84,23,39,80,8,20,25,8,55,7,13,6,29,10,11,10,25,13,22,21,7,42,7,81,13,82,17,9,92,25,13,8,92,92,23,24,7,23,19,18,7,17,11,13,30,92,27,64,23,18,11,15,8,7,0,12,92,79,32,70,6,12,9,16,22,11,25,31,21,49,12,24,42,17,25
Denmark,23,15,9,10,11,0,0,8,0,0,0,0,6,10,33,7,9,0,11,12,11,6,8,6,0,0,17,5,10,18,35,9,34,20,5,41,20,36,14,15,49,34,51,21,6,9,15,18,17,19,13,14,14,14,10,15,15,53,59,8,100,15,14,11,43,53,14,14,14,21,14,13,37,12,15,56,17,38,29,23,32,18,21,27,22,24,20,19,45,38,55,14,49,7,10,41,15,23,47,15,15,15,14,15,47,14,6,16,49,8,21,43,9,15,25,16,21,17,40,40,51,55,0,22,15,13,0,14,30,22,25,7,23,10,47,34,28,32,16,22,15,15,22
Dominican Republic,10,96,59,55,44,22,8,8,17,28,39,37,36,30,8,41,42,36,44,48,48,31,32,38,40,33,21,26,23,8,33,25,29,35,46,20,30,25,49,36,24,25,20,61,69,55,29,17,25,45,50,43,28,27,69,93,96,44,20,24,15,100,38,72,21,14,36,47,44,51,55,55,29,71,89,20,48,22,40,17,36,36,20,18,55,41,50,57,13,22,13,38,24,43,65,28,30,56,34,15,30,30,44,93,13,87,74,48,18,75,30,12,18,30,36,31,61,89,29,45,18,13,11,44,30,48,19,28,24,44,16,76,50,49,22,38,51,30,24,69,52,67,65
Algeria,10,32,45,24,26,18,7,4,5,5,24,15,20,14,15,23,20,6,16,17,36,15,12,21,15,5,16,17,19,18,10,36,44,29,15,19,19,51,88,86,30,32,19,44,19,33,88,44,73,32,87,85,83,82,26,38,39,14,13,81,14,38,100,27,13,14,79,29,85,24,36,77,34,31,39,26,66,15,16,21,44,43,19,17,26,39,24,32,12,50,13,100,23,82,26,34,89,32,44,14,89,89,33,38,12,35,24,27,11,22,39,17,21,89,29,64,34,39,28,18,24,12,10,52,89,86,27,86,23,31,15,26,24,24,27,47,35,60,33,36,46,25,37
Ecuador,18,69,43,39,31,27,17,12,21,27,33,34,41,29,12,29,30,26,31,34,35,32,35,38,36,31,27,39,31,13,35,24,21,25,57,23,25,22,36,26,23,18,14,44,68,56,21,23,27,49,36,31,25,25,71,72,69,34,22,17,11,72,27,100,15,15,31,38,32,36,39,39,26,56,69,20,35,22,33,20,39,32,22,13,39,38,36,41,9,21,12,27,17,36,74,20,21,40,25,37,21,21,37,72,18,67,78,34,19,65,22,13,32,21,26,33,44,64,28,35,15,9,16,31,21,35,14,20,30,39,12,65,36,55,24,31,41,26,32,50,37,48,47
Estonia,39,21,8,10,11,6,0,0,0,0,7,0,6,10,23,20,16,0,11,12,10,12,16,12,0,0,8,0,13,15,31,16,32,19,15,61,48,33,13,14,46,24,67,20,11,18,14,17,27,26,12,13,13,13,19,21,21,35,54,8,43,21,13,15,100,62,13,19,13,20,20,12,41,17,21,33,16,42,28,22,37,17,29,34,21,23,19,18,55,43,51,13,46,6,15,31,14,22,33,14,14,14,20,21,24,19,11,15,40,22,20,35,8,14,23,15,20,23,28,37,41,56,0,21,14,12,9,13,33,21,54,13,19,14,32,37,31,29,10,21,21,21,21
Finland,38,15,8,10,11,6,0,0,0,0,0,0,24,10,32,13,8,0,11,12,11,19,16,12,0,0,8,5,30,28,39,8,50,20,25,55,30,29,13,14,47,25,49,20,17,23,15,29,34,27,12,13,14,14,20,14,15,44,62,8,53,14,14,15,62,100,13,26,13,20,14,13,50,29,15,40,16,49,34,28,46,18,40,26,22,23,20,19,44,44,53,14,47,7,25,47,15,22,45,22,15,15,14,14,45,13,17,16,41,7,20,47,17,15,36,15,20,16,39,38,49,65,0,22,15,13,0,14,44,22,32,7,22,10,40,43,27,31,21,21,15,15,22
Gabon,9,38,51,39,35,17,14,22,37,26,47,41,31,41,15,28,35,39,35,39,32,20,34,26,42,46,17,21,9,20,10,47,23,28,14,15,18,47,89,90,15,15,18,42,29,36,89,48,63,27,84,93,90,89,30,36,38,14,10,82,14,36,79,31,13,13,100,34,91,52,48,85,13,25,31,13,71,12,16,10,29,17,19,17,46,22,41,39,12,48,12,79,22,89,26,15,89,44,21,14,89,89,41,36,12,34,29,33,11,26,19,17,41,89,33,68,52,26,18,18,13,12,20,20,89,92,26,70,9,25,15,26,41,14,26,30,23,48,23,42,48,31,46
Ghana,33,42,40,51,51,38,29,30,43,18,26,49,54,51,38,60,55,45,41,45,55,47,60,53,47,41,27,38,34,27,15,24,27,42,24,18,19,18,43,27,22,23,19,66,43,43,24,22,19,46,50,43,26,29,39,47,49,14,24,15,14,47,29,38,19,26,34,100,38,66,42,27,33,47,42,19,45,26,16,26,24,42,38,25,61,38,51,62,18,14,19,29,22,37,44,26,21,52,32,35,21,21,67,47,23,50,45,48,17,32,38,22,45,21,56,36,66,38,27,18,23,24,31,51,21,48,0,19,34,41,30,26,56,32,10,20,22,14,32,55,35,49,61
Guinea,10,46,60,38,36,12,0,8,19,9,38,32,27,31,8,31,36,34,41,45,30,27,31,30,34,31,8,17,13,16,10,44,28,28,12,15,19,48,98,95,17,18,19,43,30,39,92,44,67,34,94,95,89,86,32,44,46,14,11,84,14,44,85,32,13,13,91,38,100,48,54,89,17,32,39,15,80,12,16,11,32,21,19,17,57,25,50,49,12,49,13,85,23,92,32,19,92,48,24,14,92,92,46,44,12,41,31,44,11,27,24,17,27,92,34,72,53,34,21,18,13,12,0,26,92,96,27,72,12,36,15,23,52,12,26,34,28,50,26,51,49,39,57
The Gambia,14,52,48,63,62,31,11,34,56,27,35,52,43,70,34,48,60,68,62,68,53,36,57,35,57,62,18,29,14,15,8,24,24,42,7,22,28,16,47,40,22,23,28,71,33,32,31,25,16,45,53,51,29,39,35,51,52,21,16,23,21,51,24,36,20,20,52,66,48,100,58,41,20,34,42,19,57,18,16,16,14,25,29,25,77,33,70,80,18,21,19,24,34,37,35,23,31,71,32,21,31,31,68,51,18,47,32,56,17,21,29,17,50,31,68,33,86,34,28,18,20,18,31,46,31,54,0,20,14,46,23,20,70,7,16,15,20,12,22,68,42,52,77
Guinea-Bissau,10,57,40,33,31,15,0,15,30,36,79,28,25,40,15,28,32,34,42,46,26,27,31,27,29,31,4,15,10,15,21,69,24,29,20,15,19,22,52,48,15,16,19,39,39,63,44,28,27,32,55,49,43,48,39,55,57,28,11,39,14,55,36,39,20,14,48,42,54,58,100,59,14,41,50,13,54,12,27,11,25,17,19,17,57,22,50,54,12,28,13,36,23,46,40,15,43,48,22,14,43,43,43,55,12,51,39,40,17,38,19,11,27,43,46,38,48,46,19,37,13,12,10,31,43,51,72,33,14,31,15,33,52,19,16,57,33,31,15,46,85,36,52
Equatorial Guinea,9,57,49,29,25,6,0,7,15,26,46,21,19,22,7,21,27,27,34,38,22,20,25,20,23,25,2,12,9,14,24,38,23,27,23,14,18,46,86,87,14,15,18,32,39,39,86,42,61,26,82,84,81,80,38,55,57,33,10,80,13,55,77,39,12,13,85,27,89,41,59,100,13,40,50,12,69,11,31,10,35,16,18,16,44,21,40,38,11,47,12,77,22,80,38,14,87,43,21,13,87,87,34,55,11,51,38,32,16,39,18,16,24,87,32,66,41,47,18,35,13,12,0,20,87,83,34,68,9,25,15,37,40,22,25,39,35,53,23,41,53,37,44
Greece,25,22,17,20,22,25,8,0,0,0,0,10,30,10,40,27,17,0,11,12,32,19,24,25,10,0,17,26,33,34,27,8,54,25,20,51,20,37,23,14,63,41,40,40,17,23,15,23,31,41,25,20,14,14,30,29,30,37,42,8,37,29,34,26,41,50,13,33,17,20,14,13,100,30,30,48,24,40,23,39,61,45,40,18,22,41,20,28,38,30,40,34,48,16,25,52,15,28,57,22,15,15,24,29,31,27,23,24,42,15,40,36,18,15,24,18,30,32,39,32,53,39,11,55,15,22,0,28,39,33,32,21,20,25,39,49,46,41,29,32,22,22,33
Guatemala,17,68,35,29,36,15,6,7,12,24,28,24,47,27,13,30,28,20,27,30,40,45,27,29,25,18,17,21,28,15,32,25,24,29,47,16,25,21,37,30,20,21,17,50,62,55,26,29,21,36,38,31,26,24,54,71,74,37,21,20,12,71,31,56,17,29,25,47,32,34,41,40,30,100,74,17,34,23,33,14,34,30,25,22,41,34,35,39,10,18,11,31,20,31,68,30,25,37,28,18,25,25,34,71,26,67,67,35,20,54,25,20,31,25,40,23,42,74,24,37,15,16,9,36,25,36,16,23,33,36,13,52,37,41,18,32,42,25,35,40,37,43,45
Honduras,10,85,44,36,45,22,8,8,12,29,33,27,31,31,8,35,35,25,34,37,50,26,25,32,31,23,30,24,28,14,39,26,30,36,43,25,36,32,44,37,25,26,21,63,60,50,30,18,32,47,45,38,29,28,67,96,92,50,26,25,15,89,39,69,21,15,31,42,39,42,50,50,30,74,100,21,42,26,41,17,40,37,21,18,45,54,41,49,13,31,17,39,25,38,65,29,31,46,35,15,31,31,39,96,13,83,65,41,22,66,31,12,18,31,37,27,52,92,30,50,22,13,11,45,31,43,20,29,25,45,17,64,41,49,29,45,57,36,27,50,46,54,57
Croatia,24,18,12,14,16,12,4,8,0,0,0,5,17,9,38,13,12,0,10,11,20,9,8,18,5,0,8,10,19,11,26,8,46,21,17,39,19,28,17,14,64,67,38,29,8,15,14,11,20,32,18,16,13,13,19,20,21,49,44,8,56,20,26,20,33,40,13,19,15,19,13,12,48,17,21,100,19,43,16,34,44,42,19,25,21,30,19,22,42,28,50,26,45,11,19,51,14,24,60,28,14,14,24,20,18,19,16,19,56,11,34,45,17,14,23,16,24,23,51,43,62,31,5,41,14,17,0,23,42,36,23,20,28,14,37,41,31,32,19,25,18,18,26
Haiti,11,50,48,50,49,17,0,9,19,11,36,41,34,34,9,38,48,40,49,54,42,28,36,35,46,37,14,23,19,15,6,38,28,34,12,18,22,32,82,73,22,23,22,57,33,41,66,33,51,41,78,78,62,62,33,48,50,17,13,55,17,48,66,35,16,16,71,45,80,57,54,69,24,34,42,19,100,14,13,13,29,30,23,20,62,33,56,64,14,33,15,66,27,74,34,27,67,57,32,17,67,67,46,48,14,45,32,54,13,25,34,13,20,67,40,55,68,36,28,15,16,15,0,37,67,79,21,47,17,49,18,23,56,11,13,31,26,37,33,66,50,50,74
Hungary,48,19,7,9,9,23,17,7,0,0,0,0,13,9,35,24,7,0,9,10,14,8,14,19,0,0,7,17,23,25,45,7,38,28,36,58,19,33,13,12,50,30,47,22,28,19,13,15,23,33,14,11,12,12,21,25,23,46,50,7,38,22,15,22,42,49,12,26,12,18,12,11,40,23,26,43,14,100,30,36,39,27,35,31,19,30,17,16,38,29,48,15,42,7,25,43,13,27,42,32,13,13,19,25,27,32,17,14,32,20,18,57,8,13,31,19,18,25,45,41,58,50,5,24,13,13,0,15,40,19,56,15,17,20,46,38,36,34,32,19,16,19,19
Iceland,32,41,13,8,9,15,6,6,0,15,17,0,7,8,19,16,7,0,9,10,9,5,13,17,0,0,13,12,16,25,52,13,33,24,39,38,24,36,16,17,25,20,24,16,34,22,18,32,36,29,15,16,17,16,35,40,41,41,31,13,29,40,16,33,28,34,16,16,16,16,27,31,23,33,41,16,13,30,100,18,35,21,48,14,17,19,16,15,20,35,21,16,38,10,28,25,18,18,27,24,18,18,11,40,60,43,32,13,24,36,16,29,7,18,19,21,16,45,23,46,34,46,0,17,18,15,15,17,29,17,32,33,16,39,35,35,39,28,15,17,24,24,17
Israel,20,12,7,8,9,29,30,13,0,0,0,0,19,8,25,21,13,0,17,9,17,15,13,29,0,0,7,16,31,25,21,7,36,43,20,28,15,20,13,11,40,23,23,24,18,16,11,14,15,35,15,10,11,11,19,17,17,23,33,6,23,17,21,20,22,28,10,26,11,16,11,10,39,14,17,34,13,36,18,100,32,56,32,14,17,27,31,15,20,17,26,21,28,8,23,40,12,22,40,29,12,12,24,17,15,31,13,12,14,12,47,33,14,12,19,22,16,19,34,20,41,25,9,34,12,12,0,22,42,26,25,16,15,27,26,30,29,30,19,17,17,12,17
Italy,25,32,24,14,16,21,6,0,0,3,15,8,24,7,29,22,12,0,8,9,23,14,17,25,7,0,15,19,31,23,31,21,48,18,35,55,27,40,35,31,56,35,32,29,29,30,32,33,55,47,36,33,30,29,41,38,37,41,44,29,32,36,44,39,37,46,29,24,32,14,25,35,61,34,40,44,29,39,35,32,100,38,29,13,16,33,14,20,27,35,34,44,34,31,33,43,32,24,49,27,32,32,22,38,27,34,37,17,33,27,29,39,19,32,17,28,22,40,49,36,44,32,8,39,32,34,17,40,51,31,29,35,14,33,42,53,62,57,30,23,29,21,23
Jordan,19,28,21,25,27,38,29,20,0,0,0,13,30,12,30,34,21,0,14,15,40,16,20,39,13,0,21,26,41,17,14,11,47,56,26,25,25,18,29,18,49,41,25,50,22,26,18,14,25,51,31,25,17,17,31,36,37,18,24,10,18,36,43,32,17,18,17,42,21,25,17,16,45,30,37,42,30,27,21,56,38,100,38,22,27,51,25,35,16,18,17,43,30,21,31,55,18,35,57,37,18,18,38,36,16,50,28,30,15,19,63,30,22,18,30,23,38,40,49,24,39,24,14,68,18,28,0,34,52,54,30,34,25,37,14,34,34,24,30,40,28,28,41
Kazakhstan,36,21,12,14,15,17,11,11,0,0,0,0,17,14,34,29,12,0,15,17,15,18,34,27,0,0,0,22,38,30,23,12,35,42,29,33,28,32,19,20,33,23,28,29,24,19,21,33,24,38,18,19,20,19,28,20,21,21,40,11,21,20,19,22,29,40,19,38,19,29,19,18,40,25,21,19,23,35,48,32,29,38,100,25,31,33,28,27,27,21,28,19,51,9,21,34,21,32,32,42,21,21,19,20,44,28,16,23,34,11,29,34,25,21,34,22,29,23,28,27,40,36,0,31,21,18,0,20,42,31,46,10,28,21,24,23,20,18,22,30,21,21,31
Kyrgyzstan,50,18,11,12,14,0,0,0,0,0,0,0,8,12,10,17,21,0,14,15,13,16,20,8,0,0,10,6,8,7,7,11,21,25,13,20,25,28,16,18,20,21,37,25,7,17,18,14,14,23,16,16,17,17,12,18,18,18,21,10,27,18,17,13,34,26,17,25,17,25,17,16,18,22,18,25,20,31,14,14,13,22,25,100,27,29,25,24,39,18,33,17,30,8,12,20,18,28,28,37,18,18,26,18,16,17,7,20,22,19,25,22,11,18,30,19,25,20,24,16,18,24,0,27,18,16,0,17,12,27,40,9,25,12,14,14,11,16,20,27,18,28,27
Cambodia,15,57,52,53,50,14,0,12,35,14,32,48,42,53,12,47,52,55,67,73,41,48,49,48,46,50,6,23,15,8,8,39,26,45,8,24,30,17,55,44,24,25,30,62,35,42,39,18,17,55,53,50,42,37,42,55,57,22,17,25,22,55,26,39,21,22,46,61,57,77,57,44,22,41,45,21,62,19,17,17,16,27,31,27,100,36,83,72,19,23,20,26,37,45,42,24,34,77,35,23,34,34,63,55,19,51,39,67,18,29,31,18,34,34,55,39,77,37,30,20,21,20,0,33,34,54,0,21,15,50,25,21,91,8,17,17,21,13,24,73,45,57,83
Republic of Korea,25,30,21,24,27,20,13,0,0,0,0,9,25,16,13,39,21,0,18,20,44,21,13,26,8,0,34,17,38,19,18,14,41,41,13,39,41,32,32,23,35,37,32,58,14,30,24,28,37,55,36,27,23,22,36,52,42,30,32,13,24,41,39,38,23,23,22,38,25,33,22,21,41,34,54,30,33,30,19,27,33,51,33,29,36,100,32,39,21,36,27,39,39,21,33,39,24,46,51,24,24,24,34,52,20,38,23,33,24,18,41,20,14,24,39,21,41,46,44,26,34,21,18,62,24,31,0,34,28,45,26,28,32,24,27,40,34,30,37,44,36,30,45
Lao PDR,14,52,47,48,45,13,0,11,28,13,27,40,36,45,11,40,47,50,61,66,37,39,45,39,42,45,6,21,14,15,8,29,23,55,7,22,28,16,48,40,22,23,28,56,32,35,33,16,16,47,46,43,34,31,36,50,52,20,16,22,20,50,24,36,19,20,41,51,50,70,50,40,20,35,41,19,56,17,16,31,14,25,28,25,83,32,100,66,18,21,18,24,33,39,37,22,31,70,32,21,31,31,52,50,17,46,33,58,17,23,28,17,27,31,50,34,70,34,27,18,20,18,0,30,31,47,0,19,14,45,22,19,76,7,15,15,19,12,22,67,41,52,76
Liberia,13,59,56,59,58,29,0,21,38,12,23,49,40,53,21,45,56,47,58,63,49,33,43,41,53,43,17,27,22,11,7,22,33,39,14,21,26,15,52,38,26,27,26,67,38,36,29,15,22,48,58,48,27,36,39,57,59,19,15,21,19,57,32,41,18,19,39,62,49,80,54,38,28,39,49,22,64,16,15,15,20,35,27,24,72,39,66,100,17,20,18,32,32,44,40,32,29,81,38,20,29,29,63,57,17,53,37,63,16,30,40,16,35,29,63,31,80,43,32,17,19,17,14,58,29,51,0,18,19,58,21,27,66,13,15,22,24,14,32,78,39,59,87
Lithuania,36,13,7,9,10,5,0,7,0,0,0,0,5,9,28,18,15,0,10,11,9,11,14,11,0,0,7,0,12,14,24,7,29,18,14,42,26,35,12,13,49,36,53,18,5,8,13,15,20,24,11,12,12,12,13,13,13,32,40,7,45,13,12,9,55,44,12,18,12,18,12,11,38,10,13,42,14,38,20,20,27,16,27,39,19,21,18,17,100,26,64,12,53,6,9,35,13,20,30,20,13,13,18,13,22,12,5,14,47,13,18,37,8,13,21,14,18,14,26,34,50,40,0,19,13,11,0,12,22,19,43,6,18,9,34,29,24,23,14,19,13,20,19
Luxembourg,16,23,26,10,11,3,0,0,0,0,15,0,6,10,25,7,9,0,11,12,11,7,8,6,0,0,17,8,14,33,34,26,35,21,11,45,36,47,48,52,33,26,41,21,12,21,53,30,59,23,45,48,50,50,21,30,23,34,47,42,38,22,50,21,43,44,48,14,49,21,28,47,30,18,31,28,33,29,35,17,35,18,21,18,23,36,21,20,26,100,31,50,37,41,18,25,54,23,35,15,54,54,21,30,26,21,12,17,28,16,21,31,18,54,25,43,21,25,30,43,33,47,0,23,54,46,20,50,20,23,25,14,21,18,46,45,33,49,27,22,31,15,23
Latvia,33,14,8,9,10,7,0,7,0,0,0,0,6,9,37,19,16,0,10,11,10,12,15,12,0,0,12,1,15,17,28,8,39,18,10,46,21,39,12,13,51,38,46,19,5,10,14,16,24,27,12,12,13,13,16,17,14,43,55,7,55,13,13,12,51,53,12,19,13,19,13,12,40,11,17,50,15,48,21,26,34,17,28,33,20,27,18,18,64,31,100,13,55,6,10,52,14,21,42,14,14,14,19,17,23,12,5,15,45,14,19,44,8,14,22,14,19,15,36,37,67,48,0,20,14,12,0,13,27,20,45,6,18,10,44,38,28,30,12,20,14,21,20
Morocco,10,32,45,24,26,18,7,4,5,5,24,15,20,14,15,23,20,6,16,17,36,15,12,21,15,5,16,17,19,18,10,36,44,29,15,19,19,51,88,86,30,32,19,44,19,33,88,44,73,32,87,85,83,82,26,38,39,14,13,81,14,38,100,27,13,14,79,29,85,24,36,77,34,31,39,26,66,15,16,21,44,43,19,17,26,39,24,32,12,50,13,100,23,82,26,34,89,32,44,14,89,89,33,38,12,35,24,27,11,22,39,17,21,89,29,64,34,39,28,18,24,12,10,52,89,86,27,86,23,31,15,26,24,24,27,47,35,60,33,36,46,25,37
Moldova,34,25,14,17,18,10,0,13,0,0,0,0,10,17,40,23,14,0,18,20,18,11,13,21,0,0,0,0,22,27,27,14,56,33,17,53,33,47,22,24,66,55,50,34,10,15,25,29,38,45,21,22,23,23,25,24,25,37,47,13,49,24,23,17,46,47,22,22,23,34,23,22,48,20,25,45,27,42,38,28,34,30,51,30,37,39,33,32,53,37,55,23,100,11,17,67,25,37,57,25,25,25,23,24,42,22,9,27,40,13,34,50,15,25,40,17,34,27,49,32,59,43,0,37,25,21,0,23,41,37,54,12,33,8,46,37,31,29,18,36,25,25,37
Madagascar,5,41,54,32,30,23,11,15,29,17,44,46,32,30,0,30,31,33,30,33,30,23,22,35,47,40,23,26,12,12,5,51,25,21,19,9,9,43,94,86,13,13,9,42,37,42,83,37,64,31,91,89,86,84,35,43,44,7,6,82,7,43,82,36,6,7,89,37,92,37,46,80,16,31,38,11,74,7,10,8,31,21,9,8,45,21,39,44,6,41,6,82,11,100,31,17,82,38,18,7,82,82,43,43,6,40,40,39,5,36,19,11,34,82,22,67,47,33,16,12,8,6,15,25,82,91,26,67,11,30,7,35,41,20,20,33,28,48,24,44,44,34,50
Mexico,14,62,36,31,31,21,11,6,14,20,28,28,48,23,11,30,36,25,38,34,34,42,34,33,28,23,18,30,33,15,36,21,20,24,50,15,23,20,36,25,22,17,14,42,69,55,22,26,20,41,36,31,22,20,61,68,68,32,20,17,10,65,26,74,15,25,26,44,32,35,40,38,25,68,65,19,34,25,28,23,33,31,21,12,42,33,37,40,9,18,10,26,17,31,100,25,21,39,24,26,21,21,43,68,22,66,72,35,18,54,28,17,32,21,34,26,42,62,27,33,14,14,8,31,21,35,13,19,31,38,11,53,38,46,17,29,37,23,35,41,36,47,46
Macedonia,28,25,19,22,24,31,13,18,0,0,0,12,24,11,45,27,19,0,12,13,30,18,9,24,11,0,14,14,33,21,18,9,68,36,23,37,22,33,24,16,59,53,33,39,13,18,16,26,33,40,24,22,15,15,25,28,29,33,45,9,41,28,34,20,31,47,15,26,19,23,15,14,52,30,29,51,27,43,25,40,43,55,34,20,24,39,22,32,35,25,52,34,67,17,25,100,17,28,73,17,17,17,25,28,28,34,16,27,27,17,56,40,10,17,27,13,34,31,52,22,65,36,6,55,17,23,0,27,55,37,45,19,22,25,37,46,33,34,24,36,21,25,37
Mali,10,31,44,21,23,0,0,8,12,10,29,11,13,21,8,14,18,12,23,25,22,13,17,13,10,11,0,5,7,16,11,44,26,31,11,16,21,53,89,96,16,17,21,31,18,28,99,48,71,23,84,89,93,92,21,30,31,15,12,92,15,30,89,21,14,15,89,21,92,31,43,87,15,25,31,14,67,13,18,12,32,18,21,18,34,24,31,29,13,54,14,89,25,82,21,17,100,35,24,15,100,100,28,30,13,28,18,25,12,16,21,19,27,100,37,70,31,25,20,20,15,13,0,23,100,86,29,79,10,23,17,14,31,10,29,34,24,54,22,33,46,23,34
Myanmar,20,52,46,50,43,17,6,13,27,15,25,37,38,39,13,45,46,47,60,65,46,39,44,39,39,43,10,24,21,8,8,26,29,50,12,34,31,20,49,39,34,35,35,63,34,35,34,18,20,56,49,44,32,32,39,56,58,23,22,25,23,56,32,40,22,22,44,52,48,71,48,43,28,37,46,24,57,27,18,22,24,35,32,28,77,46,70,81,20,23,21,32,37,38,39,28,35,100,40,23,35,35,51,56,20,52,35,56,19,20,32,23,27,35,56,36,71,38,42,20,25,20,9,43,35,47,0,27,23,43,31,27,70,12,17,21,25,20,37,71,52,52,77
Montenegro,24,30,20,24,26,20,6,0,0,0,0,8,19,16,39,22,20,0,17,19,34,15,13,20,8,0,13,16,21,19,17,13,77,36,12,41,32,29,29,23,57,59,48,48,14,22,23,18,34,40,30,26,22,22,24,34,35,47,38,13,47,34,44,25,33,45,21,32,24,32,22,21,57,28,35,60,32,42,27,40,49,57,32,28,35,51,32,38,30,35,42,44,57,18,24,73,24,40,100,24,24,24,30,34,30,32,18,32,28,18,56,38,14,24,38,19,40,39,70,31,59,31,9,70,24,28,0,39,47,44,39,22,32,24,35,52,37,40,32,43,30,30,44
Mongolia,42,15,9,10,11,6,16,8,0,0,0,0,22,10,25,14,9,0,11,12,11,13,25,29,0,0,0,16,28,16,17,9,17,31,29,25,21,12,14,15,25,17,21,21,21,17,15,24,18,38,13,14,14,14,26,15,15,15,23,8,15,15,14,37,14,22,14,35,14,21,14,13,22,18,15,28,17,32,24,29,27,37,42,37,23,24,21,20,20,15,14,14,25,7,26,17,15,23,24,100,15,15,21,15,26,21,29,17,18,8,31,25,27,15,25,32,21,17,30,20,22,20,0,23,15,13,0,14,36,34,25,14,21,26,17,11,12,11,25,22,15,15,23
Mauritania,10,31,44,21,23,0,0,8,12,10,29,11,13,21,8,14,18,12,23,25,22,13,17,13,10,11,0,5,7,16,11,44,26,31,11,16,21,53,89,96,16,17,21,31,18,28,99,48,71,23,84,89,93,92,21,30,31,15,12,92,15,30,89,21,14,15,89,21,92,31,43,87,15,25,31,14,67,13,18,12,32,18,21,18,34,24,31,29,13,54,14,89,25,82,21,17,100,35,24,15,100,100,28,30,13,28,18,25,12,16,21,19,27,100,37,70,31,25,20,20,15,13,0,23,100,86,29,79,10,23,17,14,31,10,29,34,24,54,22,33,46,23,34
Niger,10,31,44,21,23,0,0,8,12,10,29,11,13,21,8,14,18,12,23,25,22,13,17,13,10,11,0,5,7,16,11,44,26,31,11,16,21,53,89,96,16,17,21,31,18,28,99,48,71,23,84,89,93,92,21,30,31,15,12,92,15,30,89,21,14,15,89,21,92,31,43,87,15,25,31,14,67,13,18,12,32,18,21,18,34,24,31,29,13,54,14,89,25,82,21,17,100,35,24,15,100,100,28,30,13,28,18,25,12,16,21,19,27,100,37,70,31,25,20,20,15,13,0,23,100,86,29,79,10,23,17,14,31,10,29,34,24,54,22,33,46,23,34
Nigeria,15,43,49,52,52,30,11,23,44,18,27,50,46,52,23,52,65,46,52,46,51,39,46,45,48,42,24,27,25,13,5,24,34,31,15,17,19,23,49,34,28,22,19,63,33,39,32,17,23,52,54,50,33,36,38,44,46,14,12,23,14,44,33,37,20,14,41,67,46,68,43,34,24,34,39,24,46,19,11,24,22,38,19,26,63,34,52,63,18,21,19,33,23,43,43,25,28,51,30,21,28,28,100,44,12,42,38,50,17,32,39,23,46,28,46,36,68,35,35,12,15,12,26,47,28,54,0,23,21,52,23,30,57,21,16,24,24,21,20,56,32,50,63
Nicaragua,10,89,51,45,44,25,8,8,17,28,39,37,36,30,8,41,42,36,44,48,48,31,32,38,40,33,29,28,30,13,38,25,29,35,41,24,35,31,49,36,24,25,20,61,63,52,29,17,31,50,50,43,28,27,69,100,96,48,25,24,15,93,38,72,21,14,36,47,44,51,55,55,29,71,96,20,48,25,40,17,38,36,20,18,55,52,50,57,13,30,17,38,24,43,68,28,30,56,34,15,30,30,44,100,13,87,68,48,21,67,30,12,18,30,36,31,61,89,29,48,21,13,11,44,30,48,19,28,24,44,16,69,50,47,28,44,55,35,29,59,52,59,65
Norway,42,13,7,9,10,5,0,0,0,0,0,0,24,9,21,12,7,0,10,10,9,17,14,14,0,0,15,13,20,34,34,7,37,17,25,35,17,31,12,13,28,22,26,18,23,24,13,41,30,32,11,12,12,12,22,13,13,19,31,7,47,13,12,18,24,45,12,23,12,18,12,11,31,26,13,18,14,27,60,15,27,16,44,16,19,20,17,17,22,26,23,12,42,6,22,28,13,20,30,26,13,13,12,13,100,12,25,21,26,7,18,31,23,13,31,14,18,14,26,17,31,52,0,19,13,11,0,12,32,19,28,6,20,22,30,24,22,22,30,19,13,13,19
Panama,14,83,47,42,41,38,29,23,16,27,36,34,34,28,15,44,40,34,41,45,45,29,38,41,38,31,20,34,28,12,41,24,27,51,48,18,28,24,46,33,22,23,19,57,70,51,27,16,24,42,47,40,26,26,60,87,90,41,24,23,14,87,35,67,19,13,34,50,41,47,51,51,27,67,83,19,45,32,43,31,34,50,28,17,51,38,46,53,12,21,12,35,22,40,66,34,28,52,32,21,28,28,42,87,12,100,64,45,17,70,38,17,16,28,34,34,57,83,27,48,23,18,10,41,28,45,18,26,30,41,23,65,46,55,21,36,47,28,25,55,49,55,61
Peru,16,71,40,35,26,22,12,13,25,30,38,39,52,26,6,28,27,28,26,28,30,32,26,40,40,35,23,28,24,10,30,30,17,20,59,16,16,16,35,23,19,13,8,40,80,61,19,25,20,45,36,30,25,23,72,68,71,29,16,19,6,74,24,78,11,17,29,45,31,32,39,38,23,67,65,16,32,17,32,13,37,28,16,7,39,23,33,37,5,12,5,24,9,40,72,16,18,35,18,29,18,18,38,68,25,64,100,33,14,67,16,14,44,18,28,26,40,64,23,31,8,10,17,26,18,34,15,16,29,35,6,71,35,59,13,26,38,22,34,47,35,47,43
Philippines,11,50,47,50,49,17,0,9,22,21,22,44,35,36,9,40,47,40,49,53,42,32,36,45,45,37,14,23,18,9,6,24,28,33,17,18,22,13,46,32,22,23,22,56,32,33,27,13,19,43,44,42,27,25,40,48,50,16,13,18,16,48,27,34,15,16,33,48,44,56,40,32,24,35,41,19,54,14,13,12,17,30,23,20,67,33,58,63,14,17,15,27,27,39,35,27,25,56,32,17,25,25,50,48,21,45,33,100,13,27,34,13,22,25,40,27,68,36,27,14,16,14,0,37,25,45,0,15,16,49,18,23,61,11,12,18,21,12,21,66,33,50,73
Poland,25,18,7,8,9,1,0,7,0,8,6,0,10,8,34,6,7,0,9,10,9,10,20,5,0,0,10,14,14,15,34,7,21,17,17,34,19,30,11,12,39,41,41,17,14,16,12,14,16,17,10,11,11,11,18,21,18,44,44,7,49,18,11,19,40,41,11,17,11,17,17,16,42,20,22,56,13,32,24,14,33,15,34,22,18,24,17,16,47,28,45,11,40,5,18,27,12,19,28,18,12,12,17,21,26,17,14,13,100,12,17,35,15,12,20,13,17,20,24,44,42,32,0,18,12,11,0,11,29,18,20,11,17,13,35,29,25,22,15,18,12,12,18
Paraguay,11,78,35,29,17,24,16,8,18,30,37,33,21,18,0,23,27,13,11,13,14,17,17,23,32,23,20,21,9,3,34,31,17,10,59,8,21,24,29,19,12,13,10,26,72,50,17,12,18,21,28,28,25,23,58,67,70,38,12,17,8,75,22,65,22,7,26,32,27,21,38,39,15,54,66,11,25,20,36,12,27,19,11,19,29,18,23,30,13,16,14,22,13,36,54,17,16,20,18,8,16,16,32,67,7,70,67,27,12,100,21,6,21,16,13,16,32,72,15,40,7,7,11,23,16,28,20,14,15,29,17,76,26,62,17,29,41,23,14,42,27,54,34
Palestine,21,31,24,28,31,26,22,11,0,0,0,15,17,14,23,19,36,0,31,17,30,9,11,27,14,0,12,14,19,11,8,12,47,42,14,22,28,16,28,20,39,41,28,43,24,19,21,16,24,32,27,28,20,19,21,30,31,21,16,11,21,30,39,22,20,20,19,38,24,29,19,18,40,25,31,34,34,18,16,47,29,63,29,25,31,41,28,40,18,21,19,39,34,19,28,56,21,32,56,31,21,21,39,30,18,38,16,34,17,21,100,17,12,21,34,22,43,34,35,18,30,18,0,62,21,27,0,29,35,46,23,20,28,35,16,31,26,21,26,45,21,31,46
Romania,34,12,7,8,9,13,13,13,0,0,0,0,15,8,34,20,7,0,9,10,9,5,13,21,0,0,0,4,22,35,36,7,35,25,26,46,17,38,17,18,59,35,37,17,17,21,18,15,24,34,16,17,17,17,17,12,12,37,54,13,43,12,17,13,35,47,17,22,17,17,11,16,36,20,12,45,13,57,29,33,39,30,34,22,18,20,17,16,37,31,44,17,50,11,17,40,19,23,38,25,19,19,23,12,31,17,14,13,35,6,17,100,22,19,30,26,17,13,49,32,59,48,0,18,19,16,0,23,41,27,40,12,17,8,42,41,35,40,15,18,12,12,18
Rwanda,12,18,10,24,27,23,19,40,60,35,28,42,47,52,30,19,21,29,13,15,26,27,30,27,37,40,21,25,16,20,0,36,10,24,25,10,12,14,26,26,19,10,12,37,35,34,29,29,14,31,33,34,38,44,32,18,18,9,14,30,9,18,21,32,8,17,41,45,27,50,27,24,18,31,18,17,20,8,7,14,19,22,25,11,34,14,27,35,8,18,8,21,15,34,32,10,27,27,14,27,27,27,46,18,23,16,44,22,15,21,12,22,100,27,44,21,37,10,24,8,9,8,40,27,27,33,0,17,18,27,10,25,31,18,7,13,6,11,20,26,18,18,27
Western Sahara,10,31,44,21,23,0,0,8,12,10,29,11,13,21,8,14,18,12,23,25,22,13,17,13,10,11,0,5,7,16,11,44,26,31,11,16,21,53,89,96,16,17,21,31,18,28,99,48,71,23,84,89,93,92,21,30,31,15,12,92,15,30,89,21,14,15,89,21,92,31,43,87,15,25,31,14,67,13,18,12,32,18,21,18,34,24,31,29,13,54,14,89,25,82,21,17,100,35,24,15,100,100,28,30,13,28,18,25,12,16,21,19,27,100,37,70,31,25,20,20,15,13,0,23,100,86,29,79,10,23,17,14,31,10,29,34,24,54,22,33,46,23,34
Sudan,25,37,28,33,37,10,0,27,38,16,12,18,30,50,27,23,28,20,37,40,36,21,27,21,17,18,0,9,11,18,18,28,28,50,17,26,33,19,33,36,26,28,33,51,29,30,37,19,19,38,42,33,35,46,25,36,37,25,19,27,25,36,29,26,23,36,33,56,34,68,46,32,24,40,37,23,40,31,19,19,17,30,34,30,55,39,50,63,21,25,22,29,40,22,34,27,37,56,38,25,37,37,46,36,31,34,28,40,20,13,34,30,44,37,100,26,51,27,33,22,23,32,18,55,37,32,0,23,25,37,27,12,50,8,19,18,15,14,27,54,37,37,55
Senegal,26,29,40,23,20,11,14,12,14,7,28,19,19,20,17,36,21,22,28,30,21,21,26,29,18,20,5,26,14,15,20,34,20,31,15,19,14,42,71,70,19,13,22,29,23,31,70,34,50,26,69,69,67,66,22,31,32,16,17,64,16,31,64,33,15,15,68,36,72,33,38,66,18,23,27,16,55,19,21,22,28,23,22,19,39,21,34,31,14,43,14,64,17,67,26,13,70,36,19,32,70,70,36,31,14,34,26,27,13,16,22,26,21,70,26,100,33,23,16,23,27,23,4,20,70,69,21,57,18,20,23,17,36,20,32,34,27,52,20,33,40,24,36
Sierra Leone,14,63,60,77,77,31,11,23,40,27,35,67,51,56,23,58,72,68,62,68,68,36,57,44,71,62,30,36,23,19,8,24,35,42,14,22,28,16,56,40,28,29,28,86,41,39,31,25,24,51,53,60,29,29,42,61,63,21,16,23,21,61,34,44,20,20,52,66,53,86,48,41,30,42,52,24,68,18,16,16,22,38,29,25,77,41,70,80,18,21,19,34,34,47,42,34,31,71,40,21,31,31,68,61,18,57,40,68,17,32,43,17,37,31,51,33,100,46,35,18,20,18,15,46,31,63,0,20,21,62,23,29,70,14,16,23,26,15,26,83,42,63,93
El Salvador,11,84,38,28,37,21,9,0,0,21,28,18,27,22,9,31,29,13,25,27,42,21,18,28,23,12,24,17,22,9,37,19,33,28,46,22,34,29,41,32,27,28,22,57,59,46,25,20,29,41,42,33,23,23,61,89,92,50,22,18,17,89,39,64,23,16,26,38,34,34,46,47,32,74,92,23,36,25,45,19,40,40,23,20,37,46,34,43,14,25,15,39,27,33,62,31,25,38,39,17,25,25,35,89,14,83,64,36,20,72,34,13,10,25,27,23,46,100,33,51,20,15,12,49,25,40,21,31,28,49,18,70,34,50,25,43,57,34,24,42,42,50,49
Serbia,28,25,17,20,22,13,5,0,0,0,0,7,25,14,22,23,17,0,15,16,29,13,11,26,7,0,11,7,27,16,15,12,54,31,24,46,27,25,25,20,59,51,47,41,16,22,20,16,29,52,26,22,19,19,27,29,30,40,36,11,40,29,28,28,28,39,18,27,21,28,19,18,39,24,30,51,28,45,23,34,49,49,28,24,30,44,27,32,26,30,36,28,49,16,27,52,20,42,70,30,20,20,35,29,26,27,23,27,24,15,35,49,24,20,33,16,35,33,100,26,41,26,7,45,20,24,0,24,47,52,44,28,27,14,30,37,31,34,24,37,25,25,37
Slovakia,18,47,15,9,10,7,7,7,0,26,25,0,5,9,29,12,8,0,10,11,10,6,15,11,0,0,4,6,15,21,56,15,23,27,32,37,20,33,18,19,35,37,36,18,36,26,20,16,23,18,17,18,19,18,33,48,47,74,43,15,40,45,18,35,37,38,18,18,18,18,37,35,32,37,50,43,15,41,46,20,36,24,27,16,20,26,18,17,34,43,37,18,32,12,33,22,20,20,31,20,20,20,12,48,17,48,31,14,44,40,18,32,8,20,22,23,18,51,26,100,46,41,0,20,20,17,26,19,22,20,29,37,18,32,37,47,44,35,12,19,33,27,20
Slovenia,35,15,8,10,11,23,11,16,0,0,0,0,9,10,55,23,8,0,11,12,16,9,16,22,0,0,8,14,26,23,35,8,51,32,15,58,22,37,15,14,64,51,39,25,11,12,14,17,26,33,15,13,14,13,19,21,18,45,59,8,51,18,24,15,41,49,13,23,13,20,13,13,53,15,22,62,16,58,34,41,44,39,40,18,21,34,20,19,50,33,67,24,59,8,14,65,15,25,59,22,15,15,15,21,31,23,8,16,42,7,30,59,9,15,23,27,20,20,41,46,100,57,5,38,15,14,0,24,41,21,48,10,20,18,52,48,36,38,21,21,18,15,21
Sweden,43,13,8,9,10,11,7,7,0,0,0,0,11,9,36,18,8,0,10,11,10,6,15,17,0,0,15,9,21,30,40,8,30,27,18,50,27,32,12,13,43,22,45,18,16,12,13,21,26,24,11,12,12,12,13,13,13,33,62,7,55,13,12,9,56,65,12,24,12,18,12,12,39,16,13,31,15,50,46,25,32,24,36,24,20,21,18,17,40,47,48,12,43,6,14,36,13,20,31,20,13,13,12,13,52,18,10,14,32,7,18,48,8,13,32,23,18,15,26,41,57,100,0,20,13,12,0,12,31,20,44,6,20,13,41,29,29,28,19,19,13,13,20
Swaziland,0,0,0,15,17,57,59,62,52,29,21,32,28,45,25,21,13,18,0,0,33,10,12,19,31,33,38,23,10,8,0,13,6,8,8,6,0,4,5,0,6,6,0,31,9,14,0,9,4,14,19,10,11,21,15,11,11,0,4,0,0,11,10,16,0,0,20,31,0,31,10,0,11,9,11,5,0,5,0,9,8,14,0,0,0,18,0,14,0,0,0,10,0,15,8,6,0,9,9,0,0,0,26,11,0,10,17,0,0,11,0,0,40,0,18,4,15,12,7,0,5,0,100,33,0,15,0,11,7,0,0,21,0,15,0,8,7,7,8,0,11,0,0
Syria,15,34,26,30,33,38,12,12,17,0,0,16,28,30,37,31,26,0,17,18,49,19,12,29,15,0,26,23,30,12,8,13,57,38,16,30,30,22,35,22,48,50,30,62,18,28,22,18,30,48,48,30,21,31,30,44,45,22,21,12,22,44,52,31,21,22,20,51,26,46,31,20,55,36,45,41,37,24,17,34,39,68,31,27,33,62,30,58,19,23,20,52,37,25,31,55,23,43,70,23,23,23,47,44,19,41,26,37,18,23,62,18,27,23,55,20,46,49,45,20,38,20,33,100,23,34,0,42,37,50,25,32,30,30,17,42,35,30,36,49,34,34,50
Chad,10,31,44,21,23,0,0,8,12,10,29,11,13,21,8,14,18,12,23,25,22,13,17,13,10,11,0,5,7,16,11,44,26,31,11,16,21,53,89,96,16,17,21,31,18,28,99,48,71,23,84,89,93,92,21,30,31,15,12,92,15,30,89,21,14,15,89,21,92,31,43,87,15,25,31,14,67,13,18,12,32,18,21,18,34,24,31,29,13,54,14,89,25,82,21,17,100,35,24,15,100,100,28,30,13,28,18,25,12,16,21,19,27,100,37,70,31,25,20,20,15,13,0,23,100,86,29,79,10,23,17,14,31,10,29,34,24,54,22,33,46,23,34
Togo,9,46,60,49,49,22,10,14,28,17,42,45,37,38,14,41,45,43,39,43,48,28,36,34,45,39,22,25,18,21,10,42,32,29,14,16,18,47,97,89,19,20,18,59,31,41,87,47,67,38,94,99,83,81,34,48,50,13,11,79,13,48,86,35,12,13,92,48,96,54,51,83,22,36,43,17,79,13,15,12,34,28,18,16,54,31,47,51,11,46,12,86,21,91,35,23,86,47,28,13,86,86,54,48,11,45,34,45,11,28,27,16,33,86,32,69,63,40,24,17,14,12,15,34,86,100,25,71,15,39,14,28,49,15,25,37,31,50,28,53,50,40,59
Timor-Leste,0,20,11,0,0,0,0,0,0,25,74,0,0,0,0,0,0,0,0,0,0,0,0,0,0,0,0,0,0,14,14,67,11,0,14,0,0,15,26,28,0,0,0,0,15,48,29,23,22,0,25,26,27,27,13,19,20,10,0,32,0,19,27,14,9,0,26,0,27,0,72,34,0,16,20,0,21,0,15,0,17,0,0,0,0,0,0,0,0,20,0,27,0,26,13,0,29,0,0,0,29,29,0,19,0,18,15,0,0,20,0,0,0,29,0,21,0,21,0,26,0,0,0,0,29,25,100,27,6,0,0,18,0,13,7,58,21,29,0,0,78,0,0
Tunisia,10,21,33,10,11,12,15,8,0,0,20,0,12,10,16,13,8,0,11,12,21,12,8,12,0,0,8,15,13,20,16,33,36,34,10,19,19,46,73,76,27,28,19,29,11,26,78,39,63,26,73,70,73,73,24,28,29,14,19,70,14,28,86,20,13,14,70,19,72,20,33,68,28,23,29,23,47,15,17,22,40,34,20,17,21,34,19,18,12,50,13,86,23,67,19,27,79,27,39,14,79,79,23,28,12,26,16,15,11,14,29,23,17,79,23,57,20,31,24,19,24,12,11,42,79,71,27,100,19,21,16,20,19,24,27,47,36,58,31,21,43,14,21
Turkey,35,20,12,14,15,25,16,14,0,0,5,7,30,7,33,26,12,0,7,8,22,17,17,29,7,0,11,25,36,24,22,12,49,27,36,43,34,29,16,10,49,40,31,28,27,27,10,22,27,40,17,14,9,9,29,24,25,25,46,6,30,24,23,30,33,44,9,34,12,14,14,9,39,33,25,42,17,40,29,42,51,52,42,12,15,28,14,19,22,20,27,23,41,11,31,55,10,23,47,36,10,10,21,24,32,30,29,16,29,15,35,41,18,10,25,18,21,28,47,22,41,31,7,37,10,15,6,19,100,30,39,24,14,29,30,34,37,35,26,22,20,15,22
Taiwan,15,45,39,38,50,19,0,0,0,0,5,24,37,30,12,31,39,18,33,37,41,29,25,38,31,17,19,16,41,12,8,13,38,30,23,24,30,17,40,33,42,31,30,62,26,38,22,18,26,55,38,35,21,21,45,44,45,22,17,12,22,44,31,39,21,22,25,41,36,46,31,25,33,36,45,36,49,19,17,26,31,54,31,27,50,45,45,58,19,23,20,31,37,30,38,37,23,43,44,34,23,23,52,44,19,41,35,49,18,29,46,27,27,23,37,20,62,49,52,20,21,20,0,50,23,39,0,21,30,100,25,32,45,23,17,25,28,17,24,57,23,45,67
Ukraine,63,17,10,11,12,17,9,9,0,0,0,0,7,11,36,34,19,0,12,13,12,14,27,21,0,0,0,12,22,24,24,10,38,34,23,53,34,38,15,16,44,37,62,23,16,10,17,20,26,36,14,15,16,15,17,16,17,25,41,9,25,16,15,12,54,32,15,30,15,23,15,15,32,13,17,23,18,56,32,25,29,30,46,40,25,26,22,21,43,25,45,15,54,7,11,45,17,31,39,25,17,17,23,16,28,23,6,18,20,17,23,40,10,17,27,23,23,18,44,29,48,44,0,25,17,14,0,16,39,25,100,8,22,17,25,25,26,29,15,24,17,25,25
Uruguay,5,72,33,29,11,21,15,8,17,27,34,30,29,10,0,20,16,12,11,12,21,18,8,30,29,21,24,20,22,3,26,24,20,14,59,11,19,19,29,14,23,16,10,29,61,46,14,11,19,35,30,25,20,20,62,69,72,35,14,16,7,76,26,65,13,7,26,26,23,20,33,37,21,52,64,20,23,15,33,16,35,34,10,9,21,28,19,27,6,14,6,26,12,35,53,19,14,27,22,14,14,14,30,69,6,65,71,23,11,76,20,12,25,14,12,17,29,70,28,37,10,6,21,32,14,28,18,20,24,32,8,100,19,53,16,32,40,25,15,41,36,43,32
Vietnam,18,52,47,48,45,13,0,11,32,13,29,44,38,48,11,42,47,50,61,66,37,44,45,43,42,45,6,21,18,9,9,35,23,41,7,22,28,18,50,40,22,34,28,56,32,38,36,16,16,50,48,46,38,33,38,50,52,20,18,22,23,50,24,36,19,22,41,56,52,70,52,40,20,37,41,28,56,17,16,15,14,25,28,25,91,32,76,66,18,21,18,24,33,41,38,22,31,70,32,21,31,31,57,50,20,46,35,61,17,26,28,17,31,31,50,36,70,34,27,18,20,20,0,30,31,49,0,19,14,45,22,19,100,7,17,15,19,14,22,67,41,52,76
Chile,24,46,18,14,8,35,32,22,8,20,19,15,19,7,17,19,12,0,0,0,15,17,17,24,14,8,32,40,25,18,36,18,20,31,55,15,15,23,16,10,16,17,7,21,58,45,10,26,20,23,17,14,14,14,56,47,46,27,23,11,10,49,24,55,14,10,14,32,12,7,19,22,25,41,49,14,11,20,39,27,33,37,21,12,8,24,7,13,9,18,10,24,8,20,46,25,10,12,24,26,10,10,21,47,22,55,59,11,13,62,35,8,18,10,8,20,14,50,14,32,18,13,15,30,10,15,13,24,29,23,17,53,7,100,17,32,41,30,33,22,21,31,15
Netherlands,25,23,26,8,8,7,0,6,0,0,5,0,5,8,25,11,7,0,8,9,8,10,13,10,0,0,13,18,23,26,39,13,39,15,16,40,19,58,26,28,43,26,31,16,13,12,28,27,35,25,24,26,27,27,23,28,23,43,49,25,47,22,27,24,32,40,26,10,26,16,16,25,39,18,29,37,13,46,35,26,42,14,24,14,17,27,15,15,34,46,44,27,46,20,17,37,29,17,35,17,29,29,16,28,30,21,13,12,35,17,16,42,7,29,19,32,16,25,30,37,52,41,0,17,29,25,7,27,30,17,25,16,17,17,100,38,43,48,25,17,17,17,17
Portugal,15,34,19,15,17,21,12,0,0,22,48,8,14,8,25,21,13,0,8,9,24,10,6,19,8,0,19,14,25,34,46,45,61,19,23,42,19,41,38,33,48,31,30,31,22,54,34,27,50,35,38,35,32,31,34,44,40,48,41,31,34,38,47,31,37,43,30,20,34,15,57,39,49,32,45,41,31,38,35,30,53,34,23,14,17,40,15,22,29,45,38,47,37,33,29,46,34,21,52,11,34,34,24,44,24,36,26,18,29,29,31,41,13,34,18,34,23,43,37,47,48,29,8,42,34,37,58,47,34,25,25,32,15,32,38,100,58,63,22,24,62,17,25
Spain,18,48,27,16,21,24,10,0,0,12,23,10,17,13,21,24,16,8,14,15,24,12,10,21,13,7,30,18,21,26,49,19,38,16,34,43,22,49,32,28,46,32,29,33,36,38,24,28,36,38,32,28,22,22,43,55,53,45,47,21,28,51,35,41,31,27,23,22,28,20,33,35,46,42,57,31,26,36,39,29,62,34,20,11,21,34,19,24,24,33,28,35,31,28,37,33,24,25,37,12,24,24,24,55,22,47,38,21,25,41,26,35,6,24,15,27,26,57,31,44,36,29,7,35,24,31,21,36,37,28,26,40,19,41,43,58,100,67,26,24,31,29,28
France,21,27,23,9,10,17,9,0,0,9,23,3,14,6,20,16,8,0,7,7,16,8,5,14,3,0,18,15,20,34,35,26,45,15,22,41,21,64,52,52,42,29,27,21,20,34,53,37,57,31,51,50,50,50,28,35,31,36,52,49,32,30,60,26,29,31,48,14,50,12,31,53,41,25,36,32,37,34,28,30,57,24,18,16,13,30,12,14,23,49,30,60,29,48,23,34,54,20,40,11,54,54,21,35,22,28,22,12,22,23,21,40,11,54,14,52,15,34,34,35,38,28,7,30,54,50,29,58,35,17,29,25,14,30,48,63,67,100,32,16,36,16,17
United States,22,19,16,17,16,21,9,0,2,0,4,10,30,11,18,19,16,9,16,18,22,28,18,17,11,8,23,32,28,21,18,6,25,18,29,23,18,23,29,24,31,26,17,30,32,35,22,30,27,33,30,26,20,20,29,29,25,14,28,12,16,24,33,32,10,21,23,32,26,22,15,23,29,35,27,19,33,32,15,19,30,30,22,20,24,37,22,32,14,27,12,33,18,24,35,24,22,37,32,25,22,22,20,29,30,25,34,21,15,14,26,15,20,22,27,20,26,24,24,12,21,19,8,36,22,28,0,31,26,24,15,15,22,33,25,22,26,32,100,26,19,19,28
French Guiana,15,72,70,78,57,18,0,12,26,14,24,51,41,37,12,46,57,45,57,63,52,33,42,42,53,41,16,27,25,12,8,25,37,45,23,24,30,17,54,37,29,31,30,68,47,44,33,17,25,51,51,52,31,31,48,59,61,22,17,24,22,69,36,50,21,21,42,55,51,68,46,41,32,40,50,25,66,19,17,17,23,40,30,27,73,44,67,78,19,22,20,36,36,44,41,36,33,71,43,22,33,33,56,59,19,55,47,66,18,42,45,18,26,33,54,33,83,42,37,19,21,19,0,49,33,53,0,21,22,57,24,41,67,22,17,24,24,16,26,100,44,72,90
Cape Verde,10,46,35,31,23,10,8,8,18,29,73,22,25,21,8,28,26,25,34,37,33,26,25,26,21,23,9,16,17,16,17,70,30,36,16,20,21,26,51,44,20,21,21,42,30,61,46,30,32,38,52,48,43,43,36,52,54,23,15,42,15,52,46,37,21,15,48,35,49,42,85,53,22,37,46,18,50,16,24,17,29,28,21,18,45,36,41,39,13,31,14,46,25,44,36,21,46,52,30,15,46,46,32,52,13,49,35,33,12,27,21,12,18,46,37,40,42,42,25,33,18,13,11,34,46,50,78,43,20,23,17,36,41,21,17,62,31,36,19,44,100,31,45
Puerto Rico,16,69,53,57,45,16,0,8,18,10,18,38,31,31,8,42,53,37,45,50,39,33,42,32,42,34,13,21,17,8,17,18,26,31,27,16,21,23,41,30,20,21,21,52,48,33,23,18,18,38,39,38,21,21,51,59,62,30,12,17,15,67,25,48,21,15,31,49,39,52,36,37,22,43,54,18,50,19,24,12,21,28,21,28,57,30,52,59,20,15,21,25,25,34,47,25,23,52,30,15,23,23,50,59,13,55,47,50,12,54,31,12,18,23,37,24,63,50,25,27,15,13,0,34,23,40,0,14,15,45,25,43,52,31,17,17,29,16,19,72,31,100,68
Canary Islands (Spain),15,68,65,68,67,24,0,12,26,14,27,56,46,45,12,52,65,55,67,73,57,38,49,48,62,50,19,31,25,12,8,26,38,45,16,24,30,17,60,44,30,31,30,77,44,42,34,18,26,55,57,55,32,31,45,65,68,22,17,25,22,65,37,47,21,22,46,61,57,77,52,44,33,45,57,26,74,19,17,17,23,41,31,27,83,45,76,87,19,23,20,37,37,50,46,37,34,77,44,23,34,34,63,65,19,61,43,73,18,34,46,18,27,34,55,36,93,49,37,20,21,20,0,50,34,59,0,21,22,67,25,32,76,15,17,25,28,17,28,90,45,68,100
